Model_ID,Model_Name,Ensemble_Type,Score,SMAPE,MAE,RMSE,MADE,MAGE,ODA,Num_Participants
b157af5706064014fccdac4cca93d9ff,Ensemble,1,13.930851447207463,119.60322036207931,0.3569520383322443,0.4500046051121659,0.8602917510066531,0.9011605921869175,0.7999999999999999,0
bbf4c17050b121ec6614c953828673fc,UnivariateMotif,0,14.839848140348337,126.95726159352232,0.40173939083142124,0.5149673614997805,0.940683750726817,0.9444589394372894,0.75,0
ddcd6174e492e0747219b63d8e87f1da,UnivariateMotif,0,14.862119408858174,129.28179924835908,0.39815591364572456,0.49159177871942783,0.8617647516043838,1.0311675603993848,0.8,0
0dac6151c14836f9ee77b833a283b9f6,UnivariateMotif,0,14.984469562357779,119.49424106349593,0.43098856784086836,0.5355113591321772,0.9767500084466887,1.0376249907451534,0.7666666666666666,0
c229218cc24e122904d692e6ef60f24d,UnivariateMotif,0,14.984469562357779,119.49424106349593,0.43098856784086836,0.5355113591321772,0.9767500084466887,1.0376249907451534,0.7666666666666666,0
5a9347b8e5ca52bd39167a1a0608ad9a,UnivariateMotif,0,14.988816764319091,125.8319526927742,0.4087422532672685,0.4976739256236719,0.9064825413483151,0.985676983376013,0.75,0
0584b7c98d506671af64af8d005630a9,UnivariateMotif,0,15.0881374308651,128.03655276380937,0.4184514774126987,0.5317301104342689,0.9591469720371487,0.787307362710091,0.8,0
9c554b72e9c1e360bcada3234b1a507f,UnivariateMotif,0,15.110071452435761,120.85780376936984,0.4253360804164106,0.5456628590687135,0.9424684339253286,1.035335103830016,0.7166666666666667,0
19e7b5e754c22a6139192ccd7852a107,UnivariateMotif,0,15.161459216962056,121.64060668325519,0.44432641911972803,0.5405992603615626,0.9505577470000951,0.9682433493328549,0.7,0
2d048a8f1fadac2ecd974ebef4066bc5,UnivariateMotif,0,15.36745140900949,132.2788033389554,0.3860779509836091,0.4948987764153193,0.9587749589924606,1.023461713742896,0.75,0
18d95e954dcc26f03babd280595f4240,UnivariateMotif,0,15.386455419123577,121.41219735348088,0.4893553962741433,0.5829191806125075,1.045381962831705,1.4154350872864991,0.7666666666666667,0
c3895ee4eeee52e1c94a9dc52c4ec6a6,UnivariateMotif,0,15.386455419123577,121.41219735348088,0.4893553962741433,0.5829191806125075,1.045381962831705,1.4154350872864991,0.7666666666666667,0
88d627e9d0e8a91eada939f510c9f31d,VAR,0,15.416841725477028,118.41619332720629,0.43230357306372413,0.5027017723056996,1.0787206872661916,1.0706879468231505,0.8,0
862a10291a92f39db0fc3e8e8ca22ae2,VAR,0,15.416841725477031,118.41619332720629,0.43230357306372413,0.5027017723056996,1.0787206872661916,1.0706879468231505,0.8,0
6a83d6e97a94c2247644c5a3481e78ee,UnivariateMotif,0,15.418605922844907,120.54205169029731,0.4284723246502648,0.5343798726843334,0.8380348656026209,0.9594749539229863,0.8,0
b879ebb857e0c86ae834650407ba06d6,UnivariateMotif,0,15.501598885343492,132.02259110003303,0.4259535464671863,0.5136702607092498,0.9307635009420053,1.021333023499385,0.75,0
032f3e5f35bf2a9aa0efb861f2229e3e,VAR,0,15.50643680739644,138.19985202450923,0.4117220195519312,0.5106097906787064,1.0260783820826833,0.8308860587149531,0.7833333333333333,0
846b48eaf5e87240655a8c8c515f2d4b,VAR,0,15.54759537819686,140.020032030688,0.4154349478146419,0.5126919792116376,1.045426585036242,0.8378207863793831,0.7833333333333333,0
cbe5f5699fa5f8492113ad00f24eac37,ARDL,0,15.562925890189033,145.62671151127725,0.4074610445416325,0.4884546042466223,0.960771025926811,0.8126102740149224,0.75,0
9ed23c75cbf793cbdb4eff2bc198fbe6,VAR,0,15.588667720055735,140.48315625540448,0.4183828959697588,0.5140957272487017,1.0352808562987392,0.8622070509689601,0.8,0
6546cee2e332c513da92474bb5491096,ARDL,0,15.589582069661125,106.20634322580506,0.5310348123272716,0.6255722291559459,0.8736746365034911,1.3537184910007134,0.8166666666666667,0
748e7186ce95d15e3aea229330711dfc,VAR,0,15.686454796567213,119.33380193069056,0.4492880936985763,0.5217008515456224,1.092598498276157,1.0201326993497097,0.8,0
f79c57036c797eaafa57a821591cc924,VAR,0,15.737035553565153,142.62216114900065,0.4210452723335042,0.5171917545715938,1.0653966534109458,0.8124238048680441,0.7833333333333333,0
2a39de1b468de86f830977d7953a6bca,VAR,0,15.756666753698378,143.2110861888294,0.41661989869741084,0.5097747952062821,1.0288587051668128,0.848067782808014,0.8,0
81c8e396c3b55022d26a5b4d1f363f76,VAR,0,15.762393229955043,143.21108618882803,0.4166198986974091,0.5097747952062808,1.02885870516681,0.8480677828080129,0.8,0
bf9ebd2a4de894c46832ecb0fe302cd5,VAR,0,15.762393229955068,143.21108618882846,0.4166198986974097,0.5097747952062808,1.0288587051668092,0.848067782808014,0.8,0
77443e4497fb90b3d7e994835513b1f9,UnivariateMotif,0,15.794252665591141,133.7548563846887,0.42221810022980594,0.5219760493476215,0.9553497594470837,1.0807079759432734,0.8,0
3f97e3cd32b390b241dcd8cf15ebb71e,VAR,0,15.804409667915648,129.00894662077997,0.4592849033253019,0.530540223222291,0.99745199349515,1.0031268496543577,0.7833333333333333,0
482ebbc21ffd1c2c132e7f3153e9d666,SeasonalityMotif,0,15.874638988167515,143.0827984112202,0.4190184822518829,0.5250339537874864,0.9977728037758151,1.2788149095193535,0.7833333333333333,0
528d2865ee83b0ac955cae4169c41d33,UnivariateMotif,0,15.878465596335081,143.1499027102343,0.4252626133448881,0.504830753035422,0.9573869376228338,0.7927600707692206,0.7499999999999999,0
b04a53076c422ff70438cef9d434e839,UnivariateMotif,0,15.91003783979797,125.75310678373998,0.43397713441934804,0.5605311279008551,0.9943919800062245,0.8907993353267492,0.8,0
9f7937855259d02eac9fc58ccd1fbe60,VAR,0,15.933757240389705,119.74810965583865,0.4470867314244413,0.528263526076247,0.9763694878081717,1.2120040975717845,0.7666666666666667,0
7cae115200f14b073ca3723b6bb3673e,UnivariateMotif,0,15.973586385425307,132.95110389290397,0.42988006734309214,0.5319374713129947,0.9874794407631701,0.8580129907427768,0.8,0
1514d054dd4e0d322985a73914d38a9e,UnivariateMotif,0,15.974220253086473,133.75817039014467,0.3942280141660527,0.48867944312756206,0.9196573994557722,0.8799457731590511,0.8333333333333333,0
cffe9b1f733411814d90feb1deed1992,ARDL,0,16.069772926612416,145.68050282409058,0.43997230226598444,0.539018440160155,0.948571979386748,1.1829060724983511,0.7666666666666666,0
4a7bc1aade08e7420e7c1c0e05d38bf2,ARDL,0,16.071697485891416,143.31469076243587,0.41657047732828323,0.5273296350740219,0.9639758502410565,1.0182156661911703,0.7,0
b5ba94410db24e85b3d035a4b3552520,ARDL,0,16.075474411663638,145.68045282094414,0.4399722857157543,0.5390184234554155,0.9485719885253772,1.182905967473024,0.7666666666666666,0
de48ac89ebffb3b0c55dfee696aa7273,ARDL,0,16.07547839236526,145.6804941354138,0.43997227639827485,0.5390183867610002,0.9485719688047383,1.1829061069862123,0.7666666666666666,0
18f5fd12a32f30cf43f582bb7f7b02d7,SeasonalityMotif,0,16.08770337793085,147.79282088299993,0.4230383698210992,0.515436715960284,0.9954590065279108,1.1433172119305552,0.7333333333333333,0
58abcb5a73ad964d56ec85ed670de481,SeasonalityMotif,0,16.08770337793085,147.79282088299993,0.4230383698210992,0.515436715960284,0.9954590065279108,1.1433172119305552,0.7333333333333333,0
09340b370505390276d46a6bf716310b,SeasonalityMotif,0,16.08770337793085,147.79282088299996,0.4230383698210992,0.515436715960284,0.9954590065279108,1.143317211930555,0.7333333333333333,0
dd9c3544809e53f826b2c86c2448592c,UnivariateMotif,0,16.099165566734367,132.8886216324559,0.43742185307708176,0.5308077545206663,0.9020282643435369,0.9914174918135,0.75,0
5b4500d1e6bea1e6acebda8ef0d3582a,UnivariateMotif,0,16.259297484255246,135.9241236831842,0.479595201637368,0.5877244252691931,1.0812203999058547,1.001706101516038,0.7000000000000001,0
249e9c1add145308626eb39ed63124cf,SeasonalityMotif,0,16.26789995450069,146.82774909839682,0.4138100367463634,0.5153029379649278,0.9703792638331439,1.1945183416035403,0.75,0
fc733447360d2dff0b555cb2b4f65680,VAR,0,16.275009981348163,121.80685590997932,0.492995270906603,0.5661902803051897,1.1415887932271984,1.3717126164605162,0.7666666666666666,0
fd34c351b4fe7e18e04a70bcb2df0344,UnivariateMotif,0,16.316443466257823,126.00613923317769,0.4581408402776129,0.5739162243408031,1.081384103348067,0.8929133390941312,0.7666666666666666,0
ea320b02346bc6fda6717936ad67c052,VAR,0,16.36360697516563,126.76397150823888,0.5395668268186644,0.621187898806212,1.0945819750612593,1.30848823057266,0.7999999999999999,0
f7e957fe0f1e6e59465fdcdb7484b5b9,SeasonalityMotif,0,16.37569396883863,147.91792232626065,0.4223342946411698,0.5376421413608055,1.0240956710022404,1.1629492490603675,0.75,0
02d6e618c82873836afae98cb32854bf,VAR,0,16.380193965855245,156.59187061462805,0.4096203312158394,0.4925527680226319,1.059202234622154,0.8723833808438645,0.7999999999999999,0
b1ca1d584bf174ac1373317ec12e054a,ARDL,0,16.41035984042944,148.79382360009959,0.4674383371917715,0.559841221929352,1.0040342770829132,1.2985803659539048,0.7,0
6bc424fa031d467c36acbb8a956ea47b,SectionalMotif,0,16.419049331764285,141.5706966158932,0.4039747162366547,0.49530083406450415,0.9994868335581979,0.9376754990293865,0.7833333333333333,0
5b4844a41c005b45200abe5c68aa6b5d,UnivariateMotif,0,16.41947804833343,141.96085959176634,0.4472148725407819,0.5525393884740399,1.0775587532015023,1.0119160305399308,0.7833333333333334,0
7d4fb70f48634807fc637cb9b34d6f3a,VAR,0,16.450510936812698,120.03865891920529,0.45875849905136945,0.53924900970334,1.1195520065065945,0.8404372369979454,0.7666666666666666,0
77ae678ea09d8c07ba065cddf371e052,ARDL,0,16.465956996194787,153.5390502011071,0.43960474609464795,0.5336808941058327,0.9518699116055693,1.1341052792581539,0.7333333333333333,0
883b8596ae4b5334d42387d6cf9f3db1,ARDL,0,16.477782359184445,151.40018699005068,0.44090323527361797,0.543697214736682,0.9695878870792907,1.2303349156043095,0.75,0
c60a5a4ce3e2fe63fb3be43fb25f42ce,ARDL,0,16.480096701053593,139.61039318267996,0.4213311373571288,0.5248180828428253,0.9636460638624594,0.859643471345003,0.7166666666666666,0
bc2385512438b49e221f35115266a5e6,BallTreeRegressionMotif,0,16.48446140360372,149.40467790374447,0.415529038068377,0.5113261771662801,1.033913146918175,1.0097166533555957,0.7833333333333333,0
600f78da9afadb3cf46cf01fb6c278b8,ARDL,0,16.50168289537145,146.71023840680243,0.4449495019609455,0.5423226527827053,0.9611933439133621,1.1928766251026788,0.7833333333333333,0
66975863aa7fc2ba7dc6ecafdcc0b1e5,SeasonalityMotif,0,16.505374174911427,159.28440105402586,0.41559898262706724,0.5212620330367366,1.0018175081760283,1.1095402807520893,0.7333333333333333,0
95d8e3ef6aacf054bd3f836c91a28b79,SeasonalityMotif,0,16.52258327492556,153.27132346102906,0.421877081097995,0.5127448016609062,0.999091209381908,1.1118390897938186,0.7333333333333333,0
9134923c02b4f8dceaa93146ff6e1bac,VAR,0,16.58226630938633,157.0348788388033,0.42154364219002616,0.509754320007579,1.0673345580480944,0.8990039743224114,0.7999999999999999,0
1b2bafedc501b0c630f479522c26cb84,ARDL,0,16.59987352277638,123.33457653939122,0.4498891123939206,0.5939055272561252,0.9529715674375685,1.0250760616210848,0.8,0
9d114dfcb0b3e0c9e8a29a425f1ecdfd,ARDL,0,16.604553298028648,128.68099053905408,0.4037697442256446,0.506319575863717,0.9077842378896458,0.9466756060139391,0.7333333333333333,0
00bccfae5a206fefe2b0fec27b7d641f,SeasonalityMotif,0,16.64205080263893,147.4117224056296,0.4363768108378304,0.5515172979149463,1.0227366304492316,1.0756579883809751,0.7166666666666666,0
c9e8c0005c16c40e0bf40b0170f81208,SeasonalityMotif,0,16.654970553030186,148.14527785942224,0.4351677086558861,0.5411618926441932,1.0082556576770216,1.084768990812165,0.7333333333333333,0
fce51fd759babfa920537b5661371055,BallTreeRegressionMotif,0,16.671939384213005,151.15366134517453,0.4084948014548705,0.5067448236254687,0.9823605129040152,0.9746794637753823,0.7666666666666666,0
5393ac7c16816da0fb8677e6018aa9f5,SectionalMotif,0,16.705060961709666,142.42493243474829,0.46163099870299573,0.5776657704739359,1.038627143671667,1.118549088210366,0.7333333333333333,0
439461d9951c4507efa78f490645faf9,UnivariateMotif,0,16.7365609614842,128.49058453458443,0.5243481871013216,0.6381754675330052,1.169440714168066,0.9119638793260665,0.7166666666666667,0
d2411e77e9fc3ec704722c745d37edc4,UnivariateMotif,0,16.7365609614842,128.49058453458443,0.5243481871013216,0.6381754675330052,1.169440714168066,0.9119638793260665,0.7166666666666667,0
a2377c323fdb79f50b4ec9f199d0b005,Ensemble,1,16.736960568183306,122.77468770941513,0.38911683269826025,0.5023340122709989,0.9462780544777422,1.1078787676485116,0.7333333333333334,0
f86502525bb5187dc868b047b27a58bc,BallTreeRegressionMotif,0,16.74939933556257,159.5132848317548,0.4138807530882024,0.5009310415430435,1.0079393180330982,0.9924986092334368,0.7833333333333333,0
5d56b35421ba686db3117b4515032dbe,VAR,0,16.7582354442657,153.94918197127043,0.42741003836670777,0.5195564689694864,1.0334954767534412,0.9264215327529941,0.7833333333333333,0
1abeae1ec25c3f8cf56ee1a0457d6ac6,MetricMotif,0,16.765521311241827,151.58133933254004,0.42380811809982594,0.5170873334248964,1.111927714528683,0.9702407147734841,0.7833333333333333,0
8f1a037d1ae174a62a855077d89b52ed,SectionalMotif,0,16.780507232784196,146.40222100187106,0.42082246477790586,0.5363399297195502,0.9642539801586926,1.0663489783045297,0.8166666666666667,0
7606512494d2368fe654738e9581282c,SeasonalityMotif,0,16.814685271535126,148.90895702807666,0.4386880004458306,0.5453606848939707,1.0120341615179138,1.0961777649662554,0.7166666666666666,0
f78ef8880b8a55d22da0b331154c95a1,MetricMotif,0,16.883547437089064,139.53657097879432,0.408063921283783,0.5024277638631678,0.9628427546423769,1.1684311046219864,0.8166666666666667,0
fafcac5ca2cad3b2b44bde2351826b9d,SectionalMotif,0,16.888236684049904,147.2202639353525,0.4482437328194678,0.562825526363663,1.0124320400420912,1.086924220497944,0.8,0
c289dd9fa0b0a1008ae578fd2d416190,BallTreeRegressionMotif,0,16.90131965003543,141.39330980219978,0.4074510443821766,0.5034011073705608,0.9770010389061321,0.8572621507195359,0.8,0
bf9a749e71bf007b2958b7217053e47e,SectionalMotif,0,16.906791750077943,137.71358514958055,0.4308759437843441,0.5272146002069703,0.9925974547004894,0.918482592531535,0.7666666666666667,0
38750c3ded5cb9ccecae0f163dc705ef,MetricMotif,0,16.91547595544244,140.4065373603432,0.45164007730462774,0.556852720595029,1.1032534713436781,0.9400954783632575,0.8166666666666667,0
8dd9e59728f7c8d0b2d6aaf2c24a4ca9,BallTreeRegressionMotif,0,16.918571548410416,150.60824256695759,0.41545686916719105,0.525464250595936,0.9874931449700739,0.9174699512422286,0.7666666666666666,0
d13a41e3bc1b29ed466d9dd577b41a13,ARDL,0,16.957366096179864,145.22579801064504,0.43671638475579977,0.5397771149026763,0.9462546257530674,1.149371267700061,0.7333333333333334,0
eb9e128f429e94a56cbd81fc855e0891,UnivariateMotif,0,16.970396871461027,142.13549051845212,0.43763641927491637,0.5377481230383336,0.9652947891645927,0.9386442299559334,0.7166666666666666,0
fbeccbe640a4a0c801cf21f29296b633,SeasonalityMotif,0,16.97190941730791,149.67462113995467,0.4290358515021085,0.5217430227823,1.0277443343759654,1.1800469037927115,0.7166666666666667,0
e6c552b88ef8d9ef5c4855037fad99ce,MetricMotif,0,16.988988615972687,142.27143976718875,0.44723549129426765,0.5588449136789232,1.123645638564374,0.8705602536105577,0.7666666666666666,0
8c57e4db460f86b3e51f0d1302fd04a7,MetricMotif,0,16.988988615972687,142.27143976718875,0.44723549129426765,0.5588449136789232,1.123645638564374,0.8705602536105577,0.7666666666666666,0
9dc92f5050a20b3e2a71f0d20b2ee83d,SeasonalityMotif,0,16.99039031082252,141.84519312575407,0.4455895422097182,0.5655929638475234,1.0773142645873413,1.189158857526831,0.8166666666666667,0
eabe2c05b228bd052e0b5d8b7871336c,VAR,0,16.992308388301662,144.25491532551865,0.4044258931844138,0.48948082893866196,1.0574337773085634,0.9872582092139697,0.7166666666666666,0
0814e18965110e164657ceb01fbab704,UnivariateMotif,0,17.002920330834712,160.93585072762636,0.4182604651650849,0.5266286406089027,0.9864757101969446,0.9435015152159026,0.7833333333333333,0
686f44c562c86dfb27debfc5ce920851,ARDL,0,17.005051366483226,148.82281530002004,0.4351760951798277,0.5352047433056705,0.9322818872848264,1.1245340238142196,0.75,0
eff01906bbd6a36131569aec0885d5fa,ARDL,0,17.007887158838,163.03496505075245,0.4386955448307341,0.5351230956579542,0.9901512540437036,1.0937284321020662,0.7333333333333333,0
9d301e5c976c9c2ba767b262cdd94fd0,MetricMotif,0,17.0279040468434,166.50107874076699,0.4186360691320057,0.5130333998392522,1.055042275157731,0.9435018256068164,0.7666666666666666,0
f415961551476fd8ffd7402634ee2226,ARDL,0,17.04196120479618,146.31223077355418,0.43151158223669633,0.5305035010390514,0.9722681727877914,0.8868030847576527,0.7,0
ee1da29fbbf88da57c9e135860ce86e0,BallTreeRegressionMotif,0,17.042018956093916,159.42432196064763,0.4082777238058207,0.511527416788126,1.0381821191995966,0.9032617605363598,0.8,0
1c9c23723487cd323a81f1e8f43db911,ARDL,0,17.05294353067342,114.50092325620521,0.5913176917657086,0.6986290358764867,0.9911649370176144,1.522352906237998,0.7833333333333333,0
57c4497ddcc14f420630b8fd86098b88,BallTreeRegressionMotif,0,17.06924895055348,144.9156194468441,0.4544925726546862,0.559835489144151,1.1110778566981194,0.9771478507566954,0.7,0
071e171fec7010504c6704ba813f7667,SeasonalityMotif,0,17.094467627644732,139.57246877004724,0.4668466561448528,0.5838400936980868,1.0675014395338116,1.31987690367357,0.7833333333333333,0
c9d3a9cebbd27b5814451db19d18c571,ARDL,0,17.10916884113309,114.55096890524449,0.5962508061354528,0.7072258909101834,0.99753101283255,1.558179284709821,0.7833333333333333,0
8c791deb8a9cd5939369e8440eb27faf,SeasonalityMotif,0,17.12249874727736,130.41118014212185,0.5307045377742695,0.6344076764613383,0.8960837494978845,1.54424538724746,0.6833333333333333,0
de66013139e1493e1ef27d8277d88bcc,UnivariateMotif,0,17.126425824010383,147.03901777658317,0.43521400780620406,0.5404298738398043,1.0683917472898954,0.9760923098287921,0.8166666666666667,0
629edb252a466765eaa45333d3a09022,UnivariateMotif,0,17.134782969047617,157.8558081026926,0.4194322055481293,0.5269945590312615,1.0495990692424024,0.93989158455877,0.7666666666666666,0
863fbfd2b34572c2393b4f02636dc35c,VAR,0,17.13712355870944,159.827737878816,0.4228029143978736,0.5227866480392004,1.0412492769842583,0.9873776161061955,0.75,0
8d0639b51b5a99d4d1bd323cb86019b2,SectionalMotif,0,17.13992400999303,152.48727780741513,0.4418837231721411,0.5462020738040054,1.0369294065361023,0.9624450119390133,0.7666666666666666,0
ad85283e2b5ea30750aa3f02203222c4,ARDL,0,17.15003266229435,133.00849879957474,0.5333716250611003,0.6476327708792178,0.9437915136338562,1.1237966602582805,0.5833333333333334,0
c7e38e4648b4910ff4dd5618a7cce959,BallTreeRegressionMotif,0,17.175674193288742,157.75228005367387,0.4211443680173426,0.5207957270077006,0.9969994498645987,0.9628100545441939,0.7333333333333333,0
4bd7fb88d5d33b2edd4ab49083b045ca,UnivariateMotif,0,17.180773037868946,135.8337081228272,0.4976324276154941,0.6139668893654661,1.0348925321993774,1.3404556497137363,0.7333333333333333,0
8cbc79df15bb5e99b6eda1cdc43bf425,SeasonalityMotif,0,17.18080658436423,156.4295632361295,0.4526936084424739,0.5491617369795149,0.9749564176792905,1.1702200898090485,0.7666666666666666,0
732463ca19d5f6c4a6420d10c0ebd9ca,ARDL,0,17.196592162470537,117.46011953879493,0.5915895974323915,0.7062864687247977,1.0195322886145202,1.396397892885594,0.7833333333333333,0
c42cb0099cdda7ce558be79f7b6cecf0,DatepartRegression,0,17.209198919033344,163.98439397328912,0.423671637092049,0.5266144393750227,1.0116036118478342,1.1030051561990126,0.75,0
71902b7724a0e65de9900044186b1a2f,BallTreeRegressionMotif,0,17.230624605338317,155.99724121821532,0.43664396680571993,0.536621790505075,1.0544912134150242,0.9688860334393954,0.7833333333333333,0
4b02867419639144ac61c51cc6d52056,SectionalMotif,0,17.234787288799247,141.09840695033262,0.44050906153616093,0.5633924139553684,1.0406216251878782,1.0547223301602826,0.6833333333333333,0
d46dfc6e078037b811e3a3b4be5e4c2d,BallTreeRegressionMotif,0,17.23552965008006,161.21478970045365,0.42113305056924544,0.5208672016038713,1.0205231191728765,0.9983696769130358,0.75,0
60eae657571f72ddd0f9a18905241fbb,ARDL,0,17.242992938495433,146.64513632762547,0.4334495339247509,0.5317021249468559,0.9850803244132347,0.8768252889268823,0.6666666666666667,0
c51c6442d6849c7adbb0b0ed07a2b648,DatepartRegression,0,17.245268826858094,162.46061083538854,0.4394338703907814,0.5343462465339854,0.9616785756383847,1.1047740329357627,0.7666666666666666,0
32a118b9a62336b02f947be6fd66f332,GLM,0,17.26940569667608,163.80393412743578,0.4388596003555115,0.5335504080659359,0.972187402328216,1.135065841140822,0.75,0
f779a2fccac4db2760808268c79e125b,DatepartRegression,0,17.2697291684922,167.5216731893943,0.42810269630199604,0.5302680822981312,0.99985926646692,1.0526553567916985,0.7666666666666666,0
6373048a85b95347ac1a40d0e27cab8f,UnivariateMotif,0,17.271086010486794,145.04515703731357,0.43598709562407123,0.532724392024259,1.102937441536532,1.1562235795293914,0.7833333333333332,0
69518b6a51069cef8a32e83b31e88422,GLM,0,17.275291417599046,163.80393412821843,0.43885960035494265,0.5335504080658501,0.972187402327225,1.1350658411359387,0.75,0
d8f5c107d92d3ae5feef50be0144334e,GLM,0,17.275291417603167,163.80393412829523,0.43885960035501864,0.5335504080658695,0.9721874023272623,1.135065841136763,0.75,0
f8b7c98bbd4d2adcd7570e64fd47fe66,FFT,0,17.275489742284467,159.8095284365417,0.4626349630471217,0.5529900794854378,1.0595899363710999,1.2029720733082254,0.75,0
73777cb76a28bcb28d3fedb67b413649,MetricMotif,0,17.276640747441277,142.04201129062312,0.44402413252423756,0.5657316121615095,1.068905289138246,0.9359413980359887,0.7833333333333333,0
a3a88ffb137fd86a8f326eb53001ba83,ARDL,0,17.277369019262164,131.71416546650988,0.4109514191039767,0.5279519920932472,1.0136813329372545,1.0628029136911705,0.7333333333333333,0
f916437ebc5fe53f2be72d4cf97b3f79,UnivariateMotif,0,17.279965799260783,118.06548625287364,0.6232848191045021,0.7583890100706976,1.5223395114709797,1.2211745556758713,0.7166666666666667,0
3733947ed600e981450dd224a98e55d1,MetricMotif,0,17.285903293420144,153.4259011274774,0.4458758875011852,0.5442713026220176,1.0326085646560013,1.1378293116401996,0.75,0
b44a0ddcf729ff421e336268d7c8ae8e,ARDL,0,17.29291717566869,121.31379352527199,0.6030995393351217,0.712417912298286,1.0323978932878217,1.572877756070264,0.7833333333333333,0
c7ea06bfa9722c010db3694b6918a4b7,GLM,0,17.29929476536119,163.18526811958623,0.43954282473275585,0.5362712772019085,0.9736287214079429,1.1363081563884652,0.75,0
a468cfcb808cc6bbad5ed8e00f57909c,SeasonalityMotif,0,17.307873774892354,165.88803347366488,0.4280441348230223,0.5306445198131583,1.0340458707541178,1.0615467810154757,0.7666666666666666,0
8041b44bbc272fca6f03cdfb6536b2cf,VAR,0,17.30921976173103,147.02382202348582,0.3789098629835778,0.4746093162459881,1.0029914779122557,0.8779099546797828,0.8,0
fde5695451bf8d864d9516455c9c8994,SeasonalNaive,0,17.323145467974385,136.43753718812667,0.4507071317767718,0.5704708358487497,1.1200220125385454,1.1090850955170877,0.75,0
0f47be2651965e76fbd188067bec4304,ARDL,0,17.358229168306273,123.52405056618386,0.5127942530039965,0.6275626782084226,1.238667640188838,1.5744856748014329,0.6666666666666666,0
f78ac11e95e4a39e179437476e112562,ARDL,0,17.369079478390425,148.36892779172473,0.43682259253042177,0.5356917493276235,0.9600955421275763,1.1092233327556225,0.75,0
dfc266bcf8f1236a2e39f3193576e0f0,UnivariateMotif,0,17.36945240493687,145.47649043858414,0.43994062973322096,0.5507271781258323,1.0922958595168697,0.9769274017137896,0.7666666666666666,0
13cd4f24423ef7d8b435638cc0e2bbbe,ETS,0,17.383954300968607,159.7859626357731,0.43065075139200903,0.5313326442164824,0.9616849839846762,1.046958132364499,0.7666666666666667,0
4d28190b5271ab46de9750c4170f1df4,SeasonalityMotif,0,17.388802919838735,117.81578627289646,0.58317573723863,0.7006076345267293,1.0064156636064414,1.8005260397959255,0.8333333333333333,0
9af4090504f3ada3e13dac6e2f3d59d8,GLM,0,17.393151229245973,147.52348031196223,0.4144399574461792,0.535667949587705,1.043533421007371,1.0897577379079235,0.7833333333333333,0
c51c1b3133734bda4938daf6397d322e,BallTreeRegressionMotif,0,17.408993549886954,156.69133223195755,0.42998860048210974,0.5291263167327618,1.0200065512849403,0.9759376106672801,0.7666666666666666,0
f050332d6f786774e56b5240708b7c54,DatepartRegression,0,17.425314908413544,155.6382998794336,0.4665763447924074,0.5684273061013758,1.0765164316521294,1.2434649895666041,0.7166666666666666,0
3380043a8e036068c7b72b88821b1073,MetricMotif,0,17.43183240747941,151.95904288364753,0.4383527824082741,0.5499712373308887,1.0998550022378943,0.9992941402251769,0.7999999999999999,0
b919895d2e2604467da40b777d741660,FFT,0,17.43502750981401,158.58655915114107,0.46233612861554063,0.5504585159992692,1.0587132922800473,1.1826005619283435,0.7666666666666666,0
8fcd82bbd397b002958dcb124d078377,SeasonalityMotif,0,17.44227409800179,157.83410923295813,0.4659034324004222,0.57590225834667,1.118178115197312,1.1690253655069816,0.75,0
5cdb2a115e845c9b4dec95a9c857a245,ARDL,0,17.45226729754125,140.5142677280693,0.43570820335838445,0.536999465030323,0.9821001865177156,0.8997079657693563,0.6833333333333333,0
5cab69dfc7471100d90ee3a40d502e7f,BallTreeRegressionMotif,0,17.4634439190388,167.35131187904884,0.4207222894487404,0.5237483389766497,1.0282607048020604,0.9057523385358387,0.7666666666666666,0
e0319674379df09b1811818361486bdb,BallTreeRegressionMotif,0,17.469081385904747,166.58549443053099,0.44712974829276825,0.5463808563114718,1.0305326736503613,1.1528942443624755,0.8166666666666667,0
0d4bedabf3f19947e70505d52ce58c98,MetricMotif,0,17.47842690986218,168.4501251158692,0.43258682947604427,0.5344168295331962,1.0389038845899305,1.0521546493677154,0.7666666666666666,0
d636ae457c792a563380c7cf65e8cba1,VAR,0,17.48027486583082,142.8850621411988,0.402717398928447,0.49534784430407575,1.0324973799234318,0.8256488275495057,0.8166666666666667,0
1227b78de4b9b1533ce8401845dd11fc,DatepartRegression,0,17.493509753609665,160.7369413337522,0.4654855270045382,0.5675896282252924,1.098861402226729,1.243268414154085,0.7166666666666667,0
833ceb951b676a646b7db847c973b1bc,SeasonalNaive,0,17.50016272527744,162.22794470718398,0.4362148289447198,0.5404281720973618,1.0777098404939827,1.0744585183837325,0.7833333333333333,0
a0916d63090630a075452e27ec8c9251,MetricMotif,0,17.505077139708533,169.00084211458534,0.4255232655456308,0.5230030976843989,1.073171435019407,1.021923372674591,0.7833333333333333,0
f2796f59e22b4451cc26933b9fe48795,MetricMotif,0,17.506623685779054,156.10964409997922,0.4241056906821637,0.5274771351163433,1.0468106925805958,0.9720757463326093,0.8333333333333334,0
b85fc16da8a9e9e25ad9199c2bbf3b99,AverageValueNaive,0,17.52034885758373,161.98329698776217,0.43562115953425656,0.5402574988723756,1.0640575578643263,1.1558765665014807,0.8333333333333334,0
c8229f63e9d8364ed043614411e7432d,AverageValueNaive,0,17.522149820476386,161.98329698776217,0.43562115953425656,0.5402574988723756,1.0640575578643263,1.1558765665014807,0.8333333333333334,0
ff7f51f041166e67d61515060556cd35,DatepartRegression,0,17.524674257471343,160.9969360389471,0.4671525153460697,0.5691576928762647,1.097069113254258,1.2747525498248145,0.7333333333333333,0
461300f2dc628681295c224cc6cd5c28,SeasonalNaive,0,17.541381722899636,164.04527002336664,0.4308449444697854,0.5365846224983732,1.0707274284260326,1.0726677014034167,0.8,0
c0faa98c91516ce57b8968b15b90ee19,MetricMotif,0,17.54166961834817,151.96625991536933,0.4451285879224759,0.5471972339260385,1.1230687500252274,0.8775293763746351,0.7833333333333334,0
7b3ad3038ea6e2753ab9375227cd55b1,DMD,0,17.54434141472612,164.26669916097882,0.4367112938454273,0.5441791403217494,1.020060428154337,1.1025375524089298,0.7166666666666667,0
a1151e6b07e0b7a6f8985b13dd5fed4d,DatepartRegression,0,17.553678433560233,132.7356711678763,0.48110087389293243,0.6057974172264509,1.011775146725851,1.355534986529564,0.7333333333333333,0
7cba678df56bd8c6e2a62ad13a679733,UnivariateMotif,0,17.55472338093843,146.69915879871672,0.4574952469370718,0.5624413846606834,1.0058600423935398,0.9845305017468842,0.85,0
4a2171fb8fcba851a545a47a2aa73c9e,MetricMotif,0,17.55917116413859,167.9847643644481,0.44760768309952936,0.547461382254,1.0553320126341914,1.1091409205450764,0.7666666666666666,0
d14efc53be313cc7147a470d0d254851,DMD,0,17.559261190975803,166.25269242972942,0.4204173428013537,0.5361366779452871,1.044618446550815,1.038495416956149,0.7333333333333333,0
92f9214832bd24989d70e964473f1135,SectionalMotif,0,17.560953668411116,144.70665288940745,0.4650122408125722,0.5735328355553853,1.11070143574909,1.1356265010159967,0.7833333333333333,0
cbf58d670bc5558dde0b1bd7aceb158b,ARDL,0,17.579486229594586,157.2064797576351,0.43187088481217845,0.5304577809707606,0.9810278102175186,1.1466646523497048,0.75,0
a21d1a4d1ad992fd75e080a4e74089d8,SeasonalityMotif,0,17.58302968115232,133.90373344536644,0.5507061383221644,0.7028590894282459,1.518442110160871,1.6697297184644522,0.7166666666666667,0
ea2c09086e9e83f0ef46754f79a3fdec,FFT,0,17.5842887117911,159.8095284365417,0.46263496304712204,0.552990079485438,1.0595899363711,1.2029720733082256,0.75,0
27d9a6a0c6d7ab50b7feb6abb660c756,SectionalMotif,0,17.588162492168355,160.51925544101167,0.44341375595353777,0.5520023036462026,1.051650077567698,0.9390447139887733,0.7666666666666666,0
25f02c54206784bd9a04e2b27c6e9d6b,DatepartRegression,0,17.611761769201056,161.00840838170552,0.4770445159245648,0.5800281311572394,1.083896060254085,1.2892496173570547,0.7,0
f6eb55a316085458f6441b720eabf97f,SeasonalityMotif,0,17.618913943673387,141.33258029881165,0.4715364456303493,0.5816089259433928,1.1020694077201132,1.2635002073781123,0.75,0
e559c4d25a77ff9275e117e6e12674a2,SeasonalNaive,0,17.620522420461974,159.04185880905902,0.4403575744133148,0.5394868378965113,1.096426553228677,0.9382489862349666,0.7999999999999999,0
cd9a7649c16e097aad66e162a3ade0e5,UnivariateMotif,0,17.630608647042706,133.07072967618512,0.5579706342110089,0.6815936009060511,1.005330984115088,2.0878095834341694,0.6833333333333333,0
741401ddb5a8c41820fc0542bbcea880,UnivariateMotif,0,17.632327482249995,154.49041104844827,0.46997543477577636,0.5610212269881142,0.9661474321593004,1.133177638995591,0.7666666666666666,0
8e58dfac98a90e747d528752e1d9a697,DatepartRegression,0,17.635804904675645,160.01714592120715,0.47573955368662746,0.5823552220167756,1.0818968868917591,1.2989522819563113,0.7,0
bec5aa0e1a2c893b1631521716f80d00,MetricMotif,0,17.660900304692454,149.6495575098233,0.45790008323684095,0.5711360585878008,1.041260638004778,1.272658744456095,0.8166666666666667,0
dfd8b4fa1de057ea9f5ca5b8dab5049d,FFT,0,17.66314328722787,162.0214731274542,0.46134234571441113,0.5509156379027156,1.0581308799276956,1.167728130157199,0.75,0
628306724c1f7877cdddeac7f44b2646,Cassandra,0,17.673861116792494,141.3071504704038,0.45737941463179055,0.5781676168771595,1.0753146639448112,1.2328776193783728,0.75,0
288d9009aeb02c4ad81d05c0c52bca23,Cassandra,0,17.67386111966716,141.307150470713,0.4573794146321914,0.5781676168796621,1.075314663948198,1.2328776193992614,0.75,0
f07caeabacc7fa66194dfd4b7b77e42e,GLS,0,17.67586028933471,148.72628348919585,0.5041830838984589,0.6088644170168986,1.0836344973358394,1.3703604650394892,0.7,0
9e6c1c6032c60ac77e3db3cee61667b0,VAR,0,17.683022607748377,149.83703547036438,0.44676862234734205,0.5464585112228594,1.0711659210606914,0.8065911094273929,0.7333333333333334,0
57b1cab05f15a8e48122e15dbf4002c8,SeasonalNaive,0,17.69176565524458,166.31415434460192,0.4313528569930045,0.5353736561200991,1.0436924946102604,1.0600355385700855,0.8,0
c71c2e902b7f69a26c8ce41603571c75,MetricMotif,0,17.692923119209045,169.5365146467817,0.4323622530843826,0.5337123396519442,1.0380300680729146,1.049589596500956,0.7666666666666666,0
a6e7a07a76f7d50be5c7c2a3e12e9228,MetricMotif,0,17.693584015214558,170.4586502078222,0.42970394005905754,0.5354470916670013,1.026286006862506,1.0005381549951127,0.7666666666666666,0
0e8e4aa3201a1ba983bbd7176218bde4,MetricMotif,0,17.69768856261674,170.96349290908637,0.4303429265067851,0.5321886153248904,1.0372595677279972,1.0467754066884836,0.7666666666666666,0
b735ddddf515f5875a096944a80b622d,AverageValueNaive,0,17.742381768733118,169.3721332623016,0.42834468020146776,0.5332313858813436,1.0401379865329972,1.050229193241606,0.7666666666666666,0
e8fd3a6cf33ff2b726b37666330d87be,GLM,0,17.742523610818488,141.65564474042284,0.43082465112412144,0.5331260795690549,0.929414141851025,1.0829911978052291,0.7333333333333333,0
d4df0f6656ce9cad1e3c260e66cf7b4c,FFT,0,17.750096188673986,168.10324092418418,0.4452254433794839,0.5435592441714638,1.0455880357744571,1.164600548889536,0.7666666666666666,0
feae57edbae2cc4f991c5773119cfa41,GLM,0,17.767823035553082,150.14290731888656,0.42000208055918586,0.5402829182814642,1.0346808914702863,1.0885620327075287,0.7833333333333333,0
d960a3d07f31a60206d375d6936fe831,UnivariateMotif,0,17.76821761409913,123.89115443601709,0.5489581233299751,0.6384477253914931,0.9393252051080608,1.5736821720126521,0.7166666666666666,0
9309397cbd901e18dbbfc55dbc9a8e8a,VAR,0,17.772862922515642,142.18624895926433,0.5520795106181366,0.635251384765095,1.1045633035967137,1.2718931222403453,0.7666666666666666,0
4f788c8cf45bf00abeb52594d8eb65e6,ETS,0,17.773370432375234,166.6459877292818,0.4428343688262217,0.5531777094970044,1.0365728962309682,1.1243348390647976,0.8,0
181ed7f2abe19ba4e361f4a41a3c0016,ARDL,0,17.77855040824545,150.8756823346829,0.4337521923246217,0.5311250830995797,0.9287936580858022,1.0979548244745514,0.7,0
4b712ef9c10217b2aa06f6603dec6d28,SeasonalityMotif,0,17.780663021091275,158.68212769342637,0.4846337914990186,0.5892074160920904,1.1325349043055888,1.0948507649926762,0.75,0
60f624e152e33da7b71d3349dd8a4d71,AverageValueNaive,0,17.781840564812526,170.36252544573938,0.42905384131019836,0.5327341080340433,1.0399164329064934,1.0520237222398785,0.7666666666666666,0
a766bef4428cc8f00f2cc879df3e5c57,SeasonalNaive,0,17.78210097682862,128.2959441582288,0.5807977488345568,0.6870252802574457,0.9871388425145327,1.3501606561559827,0.7,0
8430040d4ffe95d738904141e12ce1d3,SeasonalNaive,0,17.78248309993734,168.71758272087544,0.4298299139100236,0.535414996119255,1.0624070380670294,1.081602482862683,0.8,0
24f95fa37317e3e600cd9a1f7cd4379e,SeasonalityMotif,0,17.78660101357168,156.0159879855158,0.46464290565270483,0.583462567915327,1.0549711996623485,1.3224314843102716,0.7666666666666666,0
646333173f47e4b16d099f6473439836,DMD,0,17.786958530853315,168.994443575219,0.43386524807530574,0.5434716468585864,1.0640920851895956,1.1057349433259094,0.7166666666666667,0
eafafc3ba3138525b22a19f4df81df8a,AverageValueNaive,0,17.802410443720877,168.49357673699907,0.43325948012873594,0.534625304356689,1.0388067715421507,1.0535057564604853,0.7666666666666666,0
c1c9c07fd1eb0998634c1348609dea6a,AverageValueNaive,0,17.815169495637235,170.43216462734023,0.42903524720229747,0.5325912606784332,1.0400861619314241,1.0528554456483903,0.7666666666666666,0
e31aa0fcf4ffc61ab24b5ec5841ce3b1,BallTreeRegressionMotif,0,17.818025794594703,163.03752640204726,0.4256687637897917,0.5280064776338697,1.0209163381971913,1.0526419881916707,0.7833333333333333,0
6d79206f7d477b7922eea74cda09dba5,SeasonalityMotif,0,17.82033947145694,138.67222668918558,0.4953325930257752,0.6082897814660233,1.086913319437682,1.3521649208910491,0.6666666666666666,0
39cb686a8d08704322d43663515245a7,DMD,0,17.8233830038074,169.85338116665136,0.4346431724137957,0.5387124467372119,1.0441436773320667,1.122024382279922,0.7666666666666666,0
870ae7c71dd721c129cee031d8d77e5d,AverageValueNaive,0,17.823710526047027,167.65903183643132,0.43218194151762396,0.5362649819014661,1.0534237138794424,1.0807575562732767,0.7666666666666666,0
fdd14cfa0e1dd6340d7945e1f1419d3f,AverageValueNaive,0,17.82371383894081,167.65903087660584,0.4321819407977426,0.536264981373359,1.0534237131493227,1.080757552880759,0.7666666666666666,0
5069dacf8f16aba7296524fbb1dab6f2,AverageValueNaive,0,17.823713838940815,167.6590308766059,0.4321819407977426,0.536264981373359,1.0534237131493225,1.080757552880759,0.7666666666666666,0
eb4f0e93475f8af70bc2861ba1928d8f,Cassandra,0,17.82966277696105,132.8756332465549,0.4449747220439807,0.5611445620642661,0.9716158904885237,1.3048876614229081,0.7333333333333333,0
60e0036170cb83b9d734be15b66dde16,SeasonalNaive,0,17.842568941816914,173.77627135290948,0.4312077911086882,0.5315949587882821,1.051999887499349,1.0830766815626023,0.8,0
a46a5304978113128de562ce5c90772e,ARDL,0,17.850698949101158,152.64845301399544,0.47849333906844793,0.5881468743614767,1.068901094439879,1.3274193909847123,0.7166666666666667,0
6f8b551ba4f87e57da84546ce6936a74,VAR,0,17.853055228021386,147.4912288354871,0.46007023947159603,0.5472138015224637,1.0593952781714662,0.8205722208341285,0.7166666666666667,0
5bdb1aae11ef1464a1fe5de3d495fbc1,DMD,0,17.865536508369768,164.5332995304324,0.4395053868855813,0.5457222251364888,1.0206210814550247,1.120746362796783,0.7166666666666667,0
0d1e729988b40e2df969a699647aaf7a,AverageValueNaive,0,17.86789148605324,172.75488219070616,0.43456107796952936,0.5348180112227476,1.0417133783547776,1.053505756460485,0.7666666666666666,0
d2df37f341320b354d0776ebc37aea64,AverageValueNaive,0,17.86789148605324,172.75488219070616,0.43456107796952936,0.5348180112227476,1.0417133783547776,1.053505756460485,0.7666666666666666,0
ca3d1c5863d24fb8a785352f0edde88b,DatepartRegression,0,17.870616593923767,137.79993212291018,0.4875846018286084,0.6145841867101226,1.0320364472467545,1.3852708423754188,0.7,0
bba887f174037b9a008369f95355745a,ETS,0,17.872321126472617,133.05658544779197,0.4223586601600465,0.548701480409594,1.0466266659785917,1.0923184993669912,0.8,0
ca8ab29f4d1a094ecde219c18fef13c7,SeasonalNaive,0,17.87840726315195,173.92721273980396,0.43129507068185297,0.5317510041683541,1.0539401147101715,1.070445101400939,0.8,0
0359ff678a9a103732d098358f4ae309,AverageValueNaive,0,17.87916056162887,168.66357415756602,0.43290665165155706,0.5365161358033929,1.053286065016115,1.0802538882152086,0.7666666666666666,0
67109b06e15a581927cb16285241b939,ARDL,0,17.885752187963956,130.4006689010292,0.5288262620571869,0.6761327813983382,0.9923323198942349,1.3351833675738807,0.7166666666666666,0
2d518b972b17025d9490e9b15d7c1582,ARDL,0,17.88732809099168,167.97655467520792,0.43006560694583007,0.531446936000872,0.9982249067494916,1.0898268568260674,0.7666666666666666,0
4d758adeb467054d5b12e50f464f958d,SectionalMotif,0,17.887777946975426,143.07126314722518,0.45318006120415744,0.5675221324991928,1.0202441961899074,1.2088983039380532,0.7,0
a28474c1f02ce676b02697401eea0fd6,UnivariateMotif,0,17.887905921834328,146.04864074251878,0.5917534456895595,0.7214861718474549,1.3523752067045633,1.2465874954530005,0.65,0
36240d599191aead515e34bde5de7e13,SectionalMotif,0,17.888447374455424,153.2642823113118,0.44027576488116454,0.5438032064696052,1.0610965510466657,1.0754775417981068,0.8,0
01b02872f0ad1cb785441e23e86ddd3f,SeasonalityMotif,0,17.888703463364656,161.03768265387396,0.4655444762651645,0.5697833865150459,1.012279714968662,1.2684416920097548,0.7333333333333333,0
57a43951e08207ce152ac566bd44fffc,SeasonalNaive,0,17.916571704552016,172.2999357999676,0.43113766124452024,0.5359123934933885,1.0427131636575926,1.1042155923695305,0.7833333333333333,0
1698d946d3daf3587ddef497664c6477,UnivariateMotif,0,17.92618450104784,145.71220083281318,0.4364918046020277,0.5566768202309356,1.1115694080273228,1.2296468787856372,0.7333333333333333,0
e1729cffdce75b460b05997f13c2784e,SeasonalNaive,0,17.93233351426779,170.96112898817003,0.44592368584768527,0.5459403024207985,1.0803217790270683,1.0801332280406657,0.7833333333333333,0
b633bd747e8bde9255964eca6ab33380,VAR,0,17.943568174455937,147.27175074861512,0.4477017172025313,0.5474773311576259,1.0933207508653353,0.8373077062743656,0.7333333333333334,0
e4beba7b92165026182a260125d1603b,VAR,0,17.94483289820898,141.0163375913798,0.5084834230691447,0.6393250524098547,1.0479097087683116,1.3970609482783478,0.6333333333333333,0
a26d9b77f5e742ee3525c4616140944b,SeasonalityMotif,0,17.94547986893015,140.12761507921817,0.5346634965886149,0.6687344415895433,1.2070057140210786,1.7370402426483853,0.65,0
4b125f0412bda676acea85b61d828172,VAR,0,17.95388822799888,138.0266598652256,0.4728989409930051,0.6061635155774312,1.06657580580171,1.3610847129931403,0.6666666666666667,0
e7ebe1adb842dd103f443109c57f8060,DMD,0,17.95768195949703,173.45369526258955,0.4513159739951744,0.5437758930461392,1.0618176490735198,1.1245124127230794,0.7666666666666666,0
deb82a4648ac9d336a6183a30727b841,SeasonalityMotif,0,17.981715083670956,149.3179122631854,0.49178381294650164,0.6153118565581097,1.2164800399710425,1.3537285053454358,0.7166666666666667,0
cb80ea46b7a0a6c7275d6ffb79bd6032,AverageValueNaive,0,18.00470516149985,171.50451908841094,0.4327334723057651,0.5392706557440381,1.0521540162833323,1.0810915827211167,0.8,0
f3ddcd74a692027ea140d698757d45a7,SeasonalityMotif,0,18.020882943746958,140.68641533911222,0.5212600181387397,0.6342421199960873,1.0633025342246145,1.6121617707020104,0.7,0
35879bfa1f3bbf4e5ec8e00a111f165b,SectionalMotif,0,18.024351131590713,129.76775811511953,0.5000076454308878,0.626641953987095,1.0491753209078145,1.7907545977087793,0.7,0
0621e00c14bb10541fd00815352464e8,DMD,0,18.028707635529294,174.18311464831007,0.4532916541913159,0.5461879890350289,1.0618531184949436,1.1348457536808996,0.7666666666666666,0
e8ca304ea82082de1d8a8d80e88fbe88,SectionalMotif,0,18.035343729547247,161.91596053883364,0.47705758581500357,0.5796097755259875,1.1754752178272037,0.8938193767107725,0.75,0
44c1fb6f6b29f12244793d772934aba9,AverageValueNaive,0,18.03593635028247,176.03188346836103,0.43730185924199905,0.5381805482592361,1.040229023655486,1.0583090899380518,0.7666666666666666,0
2c9021816ab61e999c43a9f48956c3a1,BallTreeRegressionMotif,0,18.049011198509792,125.32510333382098,0.5653627400763518,0.694795612050777,1.0355742067238651,1.726282523938196,0.7,0
4af8bb3adb3dfdd6a048d77d774d9359,SeasonalNaive,0,18.080952211719676,126.59069968512506,0.5604534185745798,0.6631324825531903,1.179192784825894,1.4281769127081727,0.6833333333333333,0
ff897f0dbfad1772040ed734cf20e417,GLS,0,18.108240850271503,178.45751959812887,0.4379234248138208,0.538794647187508,1.0439001169084599,1.0942877537725209,0.7666666666666666,0
d6fe66d9337e936f1504198147f26e88,SectionalMotif,0,18.119728351392602,126.28839165133843,0.5863167068058199,0.7112335269039968,1.0235101797464279,1.9840579372853575,0.7,0
141eb479125512e856e8f9131bc89185,MetricMotif,0,18.127550901942005,153.77170864624557,0.4616542178194064,0.574307697039155,1.1564554216434086,1.2130004416821494,0.75,0
3ca839e67d47016e7546efa3e4318bf5,SeasonalityMotif,0,18.139913423670105,153.00148912640816,0.4274867917178252,0.5365327844752821,1.0396794484264593,1.0573693982645265,0.8,0
d249ba3575313f49e38c1e9794b97dc1,Cassandra,0,18.141986776172047,152.68850207138956,0.4149869532151927,0.5271345453474616,0.9620495158932701,1.0494954664290312,0.8,0
947228ae6ac579281790058385866e55,BallTreeRegressionMotif,0,18.14805812072975,151.78711524043433,0.45052566500492786,0.5539200758155188,1.118724274644833,1.0704070505259196,0.6666666666666667,0
55570f1c4a15f432f730344a323f34b5,SeasonalityMotif,0,18.155505834134146,160.0434030781466,0.46011606576838354,0.5649557746203631,1.0252475547128577,1.1573742504608864,0.75,0
3c3725315c6207f8952e196c85833da1,GLS,0,18.1615937487444,179.2100669163454,0.4403924341232763,0.5392338105950885,1.0475789149405987,1.093435145961607,0.7666666666666666,0
73806843e347b35fd8a3a5741b709472,SeasonalityMotif,0,18.180290578705026,165.3414785816176,0.45262329215019736,0.5404053177186063,1.0358675460736002,1.044083910204429,0.8,0
9486aec3e7b49408f1acba78d5c264d7,Cassandra,0,18.180965955509073,146.76267084428838,0.5341683608877877,0.6598330171164756,1.1323989597726878,1.5088776543745777,0.7,0
0d8f7bd61fc565a78d7f370f7fc2b734,SeasonalNaive,0,18.18328340216354,112.50253066958962,0.5957501775935501,0.7137317560392539,1.096837735919407,1.4289518343004668,0.75,0
668f178963885431f2237b346ba6d5b8,DMD,0,18.19130821445105,173.76757727803124,0.4426749365058,0.5434141304318153,1.0379732714078465,1.0838548305112148,0.7833333333333333,0
272161c09ad5f02bce0b84cc87746d3d,ARDL,0,18.193822122141892,179.7700488049748,0.42664448546504213,0.529254675439403,0.9925088173208371,0.945407562868261,0.75,0
dad9c43b073661cd868bfd035a7afa4b,VAR,0,18.195331256796734,120.84625628357283,0.5945985277763267,0.746431465721255,0.9542714809468608,2.521830476979687,0.7333333333333333,0
facb13f2378884ac011b5924cd5af863,VAR,0,18.20583156494437,155.02086543446188,0.5190756942236391,0.6252981132472396,1.1506331293844467,1.0367376245804054,0.6833333333333333,0
a3c9486d687a520f0824dd090ee68bcc,DatepartRegression,0,18.218402348071045,166.35490257528508,0.5015382524988528,0.5964848170587222,1.1424757376011896,1.1626691661799262,0.7166666666666667,0
007166a47b7d6369fea8dd591812ec59,DatepartRegression,0,18.218402421098705,166.35490268004946,0.501538253327101,0.5964848179500325,1.1424757271584984,1.1626691641008529,0.7166666666666667,0
f75f1231841d4aeb0d9640c7a7fc5282,MetricMotif,0,18.22004310422502,168.08812472347444,0.4321550079255633,0.5339310106092917,1.0387832281587834,1.0497157103199546,0.7666666666666666,0
a4553c67bb73a814d8eaad074b7f6c29,DMD,0,18.22435995229303,170.36660632316398,0.4435666519042427,0.5462886415994285,1.0397910318738504,1.0894921735998804,0.8,0
cd78a0d2695b50428ab13dd58217b6fe,Cassandra,0,18.244222293987963,163.18720910087592,0.4390473748186734,0.5538308710524162,1.0391229223162002,1.188176578750933,0.8333333333333334,0
08659a77eb7db5894eef33df1aa1e447,VAR,0,18.25006230316926,144.1559511195929,0.49038154428991376,0.6040178955003699,1.0595429934972558,1.2744203079211605,0.7,0
7e43cba16fca6ea10f7c5aad8e4d29b3,ETS,0,18.260756651781715,138.39846600885244,0.5624292338190224,0.6900056291238034,1.0586367474433598,1.8115820576948771,0.7,0
53d512ec55c234d4c327b98ca6c97622,ETS,0,18.266350564963236,138.39846600885244,0.5624292338190224,0.6900056291238034,1.0586367474433598,1.8115820576948771,0.7,0
229354f1d22e250a326577927dbe19f4,ETS,0,18.266350564963236,138.39846600885244,0.5624292338190224,0.6900056291238034,1.0586367474433598,1.8115820576948771,0.7,0
946265f614b22274e66f07d9bfbf757b,SeasonalNaive,0,18.266562807972427,149.5748965193173,0.4683710545377628,0.5734631047177461,1.1471593804804436,1.0881944044784564,0.7333333333333333,0
0db66c36a2bf0d628abf3f5cfc9c5f4d,MetricMotif,0,18.27346728382672,114.25207697939825,0.6144781448664943,0.7269556938024485,1.0832129786084284,1.395949311809508,0.7833333333333333,0
11646688f283d8b90644b27d53fea508,ARDL,0,18.275278289543508,179.1893914944248,0.45211410010612446,0.5463349166119402,1.049856719231142,1.1681284725443966,0.7666666666666666,0
ed9f391c4a7ce687cb53c6093354e875,FFT,0,18.280292641295063,157.83883769420032,0.44713860405506756,0.5586070893124548,1.0515541829275503,1.1389994383910207,0.8333333333333334,0
0e6e24c264ed939d70b7e8b052478dc5,ARDL,0,18.28257054171216,136.9460052057687,0.6219221254588418,0.7235167479666578,1.0043346991069355,1.7766720772249769,0.7666666666666667,0
b6be36a29020b987087bea7dfb9bd974,GLS,0,18.287032002467157,178.85372365050068,0.4317190222622257,0.5329700718177788,1.0415519891558551,1.0538739752041073,0.7666666666666666,0
c23d0e4a3368e9f22b2b6dd5df0db1d1,GLS,0,18.287032002467157,178.85372365050065,0.4317190222622257,0.5329700718177788,1.0415519891558551,1.0538739752041073,0.7666666666666666,0
c3d00e7d042b50fbcbf521a16866be13,Cassandra,0,18.291506354897425,173.51263137791196,0.43885644113360656,0.5426806611872048,1.043860554233515,1.1145571629832232,0.7666666666666666,0
d3f0bf1b2c538099db9738753d13781c,VAR,0,18.296308238980313,144.03643085222947,0.473471626201579,0.5596889914750918,1.116885693002904,0.8445003837493879,0.6833333333333333,0
ae67c188a64e2cb6927caa466d983836,Cassandra,0,18.304020902520413,140.53120035494481,0.403235098925224,0.5005226567319718,1.0170661862746084,0.9680257373367777,0.7666666666666667,0
fbf185941178485de96d6299daaf9f9d,BallTreeRegressionMotif,0,18.32084820360748,160.72274704171951,0.45153393237516254,0.5403243806929156,1.0607960913737777,0.9561558016786502,0.5833333333333334,0
d88593423e5a8de04dddb6b2a68117f0,FFT,0,18.32305518874942,159.96135631659402,0.45404926938580487,0.5611820201830389,1.0495668033830017,1.172579108717327,0.8333333333333334,0
93d4d5a94647c6d51ab38b67fa1db6a4,DMD,0,18.323355026605334,170.3432014595553,0.44692263272584026,0.5495476919335445,1.0450698963963323,1.0923316025470713,0.8,0
1edd6182c8a8cd4314e45f6573589446,FFT,0,18.324941056042274,159.87087900501805,0.4541020642522631,0.5613924492950867,1.0494014491192307,1.1735499907069613,0.8333333333333334,0
be6434135afb57a462d3c48acb759ddd,ETS,0,18.326302441594038,137.7771777677077,0.5018412139197499,0.626259684045366,1.0515813273829906,1.4931627184613037,0.7,0
d941728c3696caf9dd8dfface0a0d591,VAR,0,18.3347583938229,139.8601452840983,0.41468485714913256,0.5084787909128482,0.965632859244203,0.962491036047249,0.8166666666666667,0
19142aaef63440a55bc0fa24da069fae,SectionalMotif,0,18.339602109892237,153.01008356857147,0.4447423340297805,0.5454634483895536,1.0390569590415115,0.9692622700822999,0.75,0
2c77e910bed7e8171e8796154722e845,UnivariateMotif,0,18.340398714226826,130.04049424635133,0.5707281886298052,0.6746383556359288,1.2559750241796268,1.1730140214406075,0.7000000000000001,0
6895adf75014198103f2ab5e4c764f8b,MetricMotif,0,18.365808308211886,158.24815977117038,0.4604146598370962,0.5683281594462528,1.0702468766670694,1.1132925142535743,0.75,0
d73700ee0c18ec1df60358cd2d8b73cd,UnivariateMotif,0,18.387913585598117,126.4317291891172,0.640441582994821,0.8163791991077687,1.5131019002385926,1.5603508319932018,0.7333333333333334,0
665246338be467a1be69625cdd8a9524,GLS,0,18.387943470098204,169.55030245054746,0.43347611952219756,0.5344200766042755,1.0395243639018326,1.0535057564604853,0.7666666666666666,0
b560eaaea6335f4a6b6cdaa8eb75db46,GLS,0,18.39366869487643,169.55030245054746,0.43347611952219756,0.5344200766042755,1.0395243639018326,1.0535057564604853,0.7666666666666666,0
2c587b75ef347bc660e6d9680866cd3e,ARDL,0,18.39540696127777,146.70607817833812,0.5695352383115295,0.6791608721918996,0.9990709429006431,1.5442542668695756,0.6833333333333333,0
b2f51cbb0ebd718c77fb73d4b4c0cf99,UnivariateMotif,0,18.401190394266983,151.0371114915041,0.4094782194552846,0.5064237549416594,1.0182113292435038,0.9892172432968179,0.8,0
dcc771e9e470336538fa1daa80bc9c32,FFT,0,18.408225889137324,182.72368442446503,0.4415101147322721,0.5423256418404463,1.0388771456752945,1.0993313898681403,0.7666666666666666,0
6eee832ebafd84e258daedb3555ffc48,ARDL,0,18.408470440308676,158.38109049758924,0.4395929222041506,0.5472131534833894,1.0037617279008704,1.0033103129899041,0.6666666666666667,0
cc8be27ba84530a74027dce6613cc608,ARDL,0,18.416594533083988,136.52003081084217,0.46692084160684316,0.5984892461291197,1.0304518765212232,1.0746284395323586,0.75,0
a92ee517fc226ffddbdb1ab9e7897f18,ARDL,0,18.417240964508668,147.97937165203496,0.44332809473391227,0.5416513166842842,0.981085586332517,1.0757752960042175,0.6666666666666667,0
252bdf4af573da4eef7d3f87ecf476c8,ETS,0,18.418355044501684,159.32965164689415,0.4427542545855382,0.5459996987408804,1.0415567315297138,1.0462430156675941,0.6166666666666667,0
df9ca7c65e4cb0ced424db0ba4e01cf8,UnivariateMotif,0,18.41883109777605,156.0996428677104,0.44422356191023493,0.5333272307081625,1.067654006295499,0.9054593096612382,0.7833333333333333,0
d8bd60351c03557d2b76a1f72be762ff,AverageValueNaive,0,18.41992881340737,180.5669517999699,0.43496770822638703,0.5372366571481868,1.0614903667437863,1.0882145124310836,0.8,0
45ea2e5dd6a8ad5b8f61768596f5adb1,SeasonalNaive,0,18.431889677130876,130.83279038344435,0.5729235637833778,0.6935618669726907,1.26210106568618,1.617023162426954,0.7,0
1bf12d78eabf8d22fb44d97d0691c3b3,SectionalMotif,0,18.44772344862691,167.87169871688843,0.4518508621068313,0.5586691733168916,1.067372896829586,1.181026222631136,0.8,0
d6225c0c2a3cda5bdc185d8b2c47d48d,ETS,0,18.453208646985296,141.78161078958473,0.5629105331694513,0.6907517903699856,1.055680571538741,1.8039296472928779,0.7,0
8bd273f682a28bcf5ab3e2b309623ac7,DMD,0,18.45624110245034,157.28316691792296,0.45353586487659364,0.5633218547420125,1.0652428567837828,1.23622840825812,0.8166666666666667,0
596a746d2e4873f14a5526fea72cdf2d,BasicLinearModel,0,18.45858681292161,151.72904104436992,0.4873072536543416,0.5937940697342926,1.0405171358894179,1.1968489239397615,0.6333333333333333,0
da0455b1cf341773a17276fa097d0c8c,DatepartRegression,0,18.46123700583303,185.44971115101396,0.43582533987151717,0.5394863578094169,1.032702619171959,1.0587843603241263,0.75,0
f78c4534567d2273f012066c2535ab08,AverageValueNaive,0,18.46233742784245,180.7646892090381,0.4351673105474413,0.5374696482058495,1.062714310610518,1.0899244945441608,0.8,0
b2dfa9a981d8003667f644e0499eceee,AverageValueNaive,0,18.47505899967693,134.17054700766892,0.5428752629398158,0.6773773817441018,1.0848451161814145,1.8130466694405598,0.7,0
c16ae783007eb49b663f0f36829972c6,VAR,0,18.476097598729446,141.73417794610438,0.6082372649769394,0.6856443634118026,1.0495532143445,1.6198554302034904,0.7833333333333333,0
be2023c1399aa1cd19f41d9e0cbe6a06,ETS,0,18.478881828213723,137.57591100522868,0.5717492691889168,0.6969736248539802,1.003547057423177,1.7559234278143645,0.65,0
29f216fc4e87c488c5278f348f424898,BallTreeRegressionMotif,0,18.47937975037444,141.78739162692804,0.45239485479961755,0.5530780397431827,1.1303136014388813,0.9437501867533719,0.8,0
94dd0ffd5dfd28d6212b60dd5d2be8ea,SeasonalNaive,0,18.48055816852956,115.86535654091062,0.6040072518101085,0.7265270161832265,1.090482889101411,1.4532471209122935,0.75,0
616a8c34e5705547fd7a513fae4f5477,ARDL,0,18.492220405577378,120.31357926970793,0.5990904934163475,0.722616181443964,1.0869118684485009,1.4634471681672927,0.7999999999999999,0
9c44b060c9b5c1d4bd550688fb5774d4,Ensemble,1,18.50691491836858,143.30634455475857,0.5782953925570691,0.6706612943634143,0.8906185756569555,2.114331350688301,0.7,0
d8cc72374a9d40f09c773f79ddd22b21,GLS,0,18.509898205508392,171.14126714982046,0.4335382556319164,0.5341516470157304,1.039562767177233,1.0529237086337673,0.7666666666666666,0
bd041eacb1fa0ed3e159f82f7e785170,SeasonalNaive,0,18.536931527129074,153.94081668807064,0.47620284847734584,0.603633660628358,1.1359077672632165,1.3504613725544508,0.7666666666666666,0
e6ab34419edfbe445f44023b9ddcf103,ARDL,0,18.541037943137727,130.64090427834202,0.5704460298790736,0.7506503367359845,1.2325212705687418,1.6339223863825754,0.6833333333333333,0
437462df963ae3fd0d0c321a655f25de,UnivariateMotif,0,18.54652854943448,157.0992757439152,0.4398687602972423,0.5620791501534301,1.121012728534148,1.148722298955773,0.7,0
4a3a4dac5541a6695d2a4b503650dbdb,SeasonalityMotif,0,18.555354155672077,154.59380321079135,0.5510546218814436,0.6463951523424346,1.2317352707405838,1.2197270503188384,0.6666666666666666,0
02b601c4bd8444a581501b9a508a2800,Cassandra,0,18.557312447865893,154.18525912900293,0.43361926779552346,0.5424970152576615,1.075251655620914,1.1219075681806279,0.7666666666666666,0
ab42a28b35d6020e440c53a3fa83adaf,ARDL,0,18.563007534359638,142.88138948478527,0.4300391340901294,0.5398770117975896,0.9674898193187518,1.1066206958812856,0.75,0
6c01bc36bae9f287a7c08f5f60133b02,VAR,0,18.56480301326636,142.45307116638529,0.6162312646101574,0.6956028981840487,1.0485929450397422,1.6584419255893543,0.7833333333333333,0
60eacaac0da0879da1d26981ccdbc4c6,VAR,0,18.56480301326636,142.45307116638529,0.6162312646101574,0.6956028981840487,1.0485929450397422,1.6584419255893543,0.7833333333333333,0
f11a9bd03cde1ca221d13e1cdd3d0578,ARCH,0,18.571680182746537,171.17000240959433,0.4364944595275162,0.5385859364096943,1.0412158169883272,1.0930119750058294,0.8,0
e1f31ed0eaea05e1bcc25b2f53ddbe76,SectionalMotif,0,18.574605072488446,137.03679551474607,0.4862728571845958,0.5850854989721934,1.0759964101332646,1.0095763325546698,0.75,0
937a3062b0b826f238f7bd21672eb3d5,SeasonalityMotif,0,18.6016391100711,137.11605635706417,0.6399059374744718,0.7536183999543371,1.0481734488523897,1.8216982907824697,0.7833333333333333,0
75ce22d65ee8ee784c023ff42d73e7e8,ETS,0,18.601700753904424,135.00297448962175,0.5677107340686718,0.7008247807176202,1.0799750982278167,1.8110428227508018,0.7,0
c8ae6538379a944a2ae42d946632c9ae,Cassandra,0,18.62788374596032,135.90495414310303,0.6007672316907838,0.7117779899924733,1.0016372763640746,1.7479932959968998,0.8166666666666668,0
18e1e8b42bd0e6f5cfc6cda60c73b666,SectionalMotif,0,18.62840184774932,158.25551047430056,0.44335789505012785,0.5463218698428871,1.0318725030183797,1.116737826846575,0.8333333333333334,0
2eda78fb9a412eb0ec9856c4513e28ca,GLM,0,18.6402306192318,133.4980075360234,0.45013675253127045,0.5688935707017229,1.0283496932529759,1.205818385666407,0.7666666666666666,0
4b56e13e9d4aba13c5e4b7f1c926acc8,SectionalMotif,0,18.641715342022326,155.55946919640255,0.41690583423535577,0.5265842453083825,1.0267944129614823,1.0581169768254428,0.7666666666666666,0
569cc9263511e727486f9570c6ac8ce8,FFT,0,18.642987882975003,189.7456428753213,0.43708555376294356,0.5379223843865418,1.0417485555618144,1.0759713540662503,0.7666666666666666,0
436934e46e97c87bd0cbbd7fc9ef1c65,BallTreeRegressionMotif,0,18.644252646760403,178.6464394422798,0.4443780873880369,0.5396511502822534,1.0252298758306506,1.1360479475946266,0.7666666666666666,0
ac9609b532f1518f087d67754fff7900,SeasonalNaive,0,18.646294796132416,168.21943182307353,0.478248296128864,0.6060553235882009,1.1072515717580078,1.2776410309170834,0.7166666666666667,0
8697700bad3a317b5a78a736258de9bd,MetricMotif,0,18.649199303462293,170.35789866163304,0.42968843933065004,0.5338502550684824,1.039735098261391,1.0461474169726837,0.7666666666666666,0
6dd7690b5856e7bb8f2253090f75f33c,ARDL,0,18.652778554248858,188.13920829190937,0.45103581517682184,0.5451317490038303,1.024251634771409,1.156879878726774,0.7666666666666666,0
d3ffa4c648cebe56187a0e63f91ebce3,SeasonalityMotif,0,18.664846403499286,134.88763245282544,0.6229259340071074,0.7516703024550073,1.023826838094965,1.9309257715589763,0.7666666666666666,0
b23a262fc9e60d9b0a8cfecc08c99f30,SeasonalNaive,0,18.683423597681852,135.42222335469827,0.6208905890239714,0.7434503311161562,1.1244684468261767,1.6290038615417206,0.6166666666666667,0
a8b48b87b0119e87054587cc7e818116,BallTreeRegressionMotif,0,18.688394608055745,132.49003714563958,0.674229519581883,0.8497777660337082,1.4342136290124547,1.7354187076276357,0.5833333333333333,0
f2cf4f1b98e23e6d2006a3ae52eb1af4,UnivariateMotif,0,18.6893473419989,157.571784894714,0.43472098122045366,0.5525426099909622,1.0848393850107596,1.170224312329797,0.6833333333333333,0
b8eda7b15cc629d15844ea6321b627e4,GLM,0,18.700638821049864,183.0352821055288,0.4321456601991939,0.532776496687123,1.0358966656077009,1.0595070859930005,0.7666666666666666,0
52e47e52cabc6bbdf2035eda499d00dc,GLM,0,18.721556324850358,183.64095920518878,0.43090022748267937,0.5323831449403905,1.0346473387938286,1.0561964977574432,0.7833333333333333,0
9e498df11fadd75b7261fc2d9b4b219e,SeasonalNaive,0,18.723063365620398,162.8950757835645,0.44105803301578766,0.5359889524068483,1.0759751338537984,1.062607680893372,0.7833333333333333,0
40293ff98fe4a93d35e2839861896abe,BallTreeRegressionMotif,0,18.729186042683345,138.20469767847854,0.6338062402928311,0.7334850627301612,1.037785493351589,1.8019303627302494,0.7666666666666666,0
583cde11a34a14531eea1cf649bd2b07,DMD,0,18.736576181596785,191.56224934864306,0.4366831239481441,0.53709164625305,1.0428859068051992,1.0683166865480949,0.7666666666666666,0
a553d5762b3365deac920a0062df29db,GLS,0,18.7370019369246,155.31467412473074,0.44662059045749414,0.5514023872897214,1.0540446862193924,1.2210861172771625,0.8333333333333334,0
a76cb61e7ec41c0fde4097fe23bd98b5,GLS,0,18.7370019369246,155.31467412473074,0.44662059045749414,0.5514023872897214,1.0540446862193924,1.2210861172771625,0.8333333333333334,0
cfb21379f75131c6763ca09509077316,GLS,0,18.737001936924603,155.31467412473074,0.44662059045749414,0.5514023872897214,1.0540446862193924,1.2210861172771623,0.8333333333333334,0
25c0e853150212dec801705c39f6e5e0,DMD,0,18.738429147038055,155.31467412473074,0.44662059045749414,0.5514023872897214,1.0540446862193924,1.2210861172771623,0.8333333333333334,0
9a259c942312b1adc383b707af0648cf,SeasonalNaive,0,18.743163465981784,165.6594886713878,0.4275514137865778,0.5316386707710692,1.046643502861609,1.0591391781036446,0.7666666666666666,0
14d24c218447300166b460b12b7e916d,VAR,0,18.757879763518254,139.90002536844304,0.6348824493229464,0.7193906280352821,1.1569979874988228,1.8210058886388776,0.75,0
0d2edc1b0838bd7e725cbad66192fc99,Cassandra,0,18.768930146246205,168.802993485495,0.45388843235445986,0.5489532495710427,1.0584148141138567,1.1626389710896556,0.7666666666666666,0
cbed3a0a8df693f6ae676a1e3a6ea44f,GLS,0,18.771520956309065,190.08727399069488,0.4355313625734424,0.5369702747927361,1.0387984444911043,1.065266740188191,0.7666666666666666,0
5238783eba440632f4adae344ceb0415,GLS,0,18.806248579070452,190.23840961501713,0.4374146805695977,0.5385475285683659,1.0714630199560864,1.0822462481250192,0.7833333333333333,0
f4ea3919fee5c2670ed4079014a2f831,GLM,0,18.816205170467406,161.9964420334117,0.4234657497030934,0.5241911408307726,0.9766479371775747,1.0650460781652933,0.7666666666666666,0
58c2008bb44a14d4a878925f2288a139,UnivariateMotif,0,18.81710468539678,135.28966399073573,0.6420003349650665,0.7557164232203191,1.0214048615934357,1.8562709697429252,0.7666666666666666,0
d5be19b3595144e4eeab7bfb3d756d56,ARDL,0,18.83367181199445,191.26663570866015,0.44840352442529186,0.5441847047678802,1.0345693424215336,1.1415796160329583,0.7666666666666666,0
b3a0a35e1d3ba0bea21ae7824e30446c,ARDL,0,18.83367181199446,191.26663570866032,0.44840352442529186,0.5441847047678801,1.0345693424215332,1.1415796160329585,0.7666666666666666,0
7e7e956b81dea98e1e65d4423e0239ef,DatepartRegression,0,18.835111607912342,194.31220231932213,0.4350020981416195,0.5362359963861674,1.0415938789222645,1.0671714266196706,0.7666666666666666,0
7cb6886f216dc06d77a0fa7f29049875,DMD,0,18.83578504710147,167.01428806766418,0.45452033310913603,0.5604485090382745,1.0602008165151289,1.2304214491272252,0.8166666666666667,0
ffbffc134d79bc868db0ae83113fd99c,VAR,0,18.838589704101487,146.87337126507407,0.4521161589420892,0.567902415289528,1.076446105633892,0.9187007606393862,0.6666666666666666,0
8f76bcd2a841f437e1890b13056f9d8c,DMD,0,18.83877410913906,190.60566689540994,0.45515583615315586,0.5524709370371692,1.0693131372609543,1.1407662012782274,0.75,0
ec5f04836cf6f3a27b626267f45e3fdf,ARCH,0,18.847385194911215,184.7456776795202,0.448526953388037,0.5548666139101593,1.0369965783882544,1.1356280439523943,0.7666666666666666,0
3372f4360f1ad2406c149416dc3d0e87,GLM,0,18.875373058844247,157.46993579722283,0.4273821740751962,0.528353438399868,0.98071416115015,1.0824099879679057,0.7666666666666666,0
62c2381f73d634c7d241842b8b33595f,SectionalMotif,0,18.875883805017637,154.6557332612685,0.4562529066398092,0.5539782653787425,1.0556996359145672,1.2270724261139414,0.7833333333333333,0
1fcefdb0b906b60b7e416254b44d1e3e,SeasonalityMotif,0,18.87952221794928,149.38533952935646,0.44895022391854783,0.5643158985771382,1.0969540882435793,1.0743695792668888,0.7333333333333333,0
e71d9ad905fe534e04196a39c59fb78d,GLS,0,18.879747878520348,195.46705974684713,0.4347910763239399,0.536007405108099,1.0416373369860241,1.0668715615526727,0.7666666666666666,0
b1aa8564216c749dc46896ca9b125ae3,SeasonalNaive,0,18.89058024953153,139.1387786261694,0.44093698273357507,0.5401889025625637,1.093247214230383,1.1280954391131088,0.75,0
e583b8ac45d305fdd0a8a4976548f6ed,GLS,0,18.894025284200207,194.9934933533042,0.43408673517142937,0.5357723724645899,1.0412807074664083,1.0661367685272594,0.7666666666666666,0
b237cc3e78a6a2fdece4f2addbb403f1,Cassandra,0,18.909445560021215,139.31765721995552,0.5580443745334683,0.6915700576989672,1.2521103522173038,0.8829643667149739,0.6833333333333333,0
0842f6653a2be4f369ef79ea667f4946,GLS,0,18.934677074474,195.933111598568,0.43445593458098164,0.5358235341314934,1.041435140319192,1.06724200229611,0.7666666666666666,0
c17e70e4e63dc1dccb6ae92e777a7c32,GLM,0,18.942911742699746,156.622558540577,0.42456408482286784,0.5289224393313343,0.9796744816879188,1.0818261401894713,0.7666666666666666,0
6dc8bac625945955423cd0b8bfc2cc66,SectionalMotif,0,18.943826867245598,168.19461514470134,0.4765930872958556,0.5866682564600894,1.1461998107194566,1.1222008856961172,0.75,0
79821da1569c04ad6c5af652582fddac,DMD,0,18.95117550635144,195.6611210371558,0.4370579505660543,0.5379192009864678,1.0412448914086216,1.081234329152968,0.7666666666666666,0
7211633b6da93fc025e933275af122c6,GLS,0,18.953781265333536,196.03928670931828,0.43419167054134133,0.5356664063939527,1.0413106096939386,1.0652300436716844,0.7666666666666666,0
cc5b0e1b51607d98946fd65c462d2416,VAR,0,18.956309743284866,137.79052764935724,0.6205868530758335,0.7071924797034657,1.1171005101985723,1.8532742380655385,0.7166666666666666,0
54bd0b1535e4b62438d9d4b3b64b7c3c,DMD,0,18.963027350021687,193.80383537222883,0.43793841858321175,0.5381154863678347,1.0312932908667949,1.085787786251825,0.7666666666666666,0
5db612da563dd5a9611b49d445ce58b6,Cassandra,0,18.97196205004207,152.4192498889449,0.4280406407220673,0.5414391537411836,1.0016352849584524,1.0596600178811644,0.8166666666666667,0
680620cd701f0df8eb3e97e29ca49ef4,GLM,0,18.975515806645596,167.80105401242488,0.4289682430752693,0.5313864151982022,1.0327595658259325,1.0471253788230543,0.7666666666666666,0
e4616ea49a2237b9059cb55d2b4fa1d7,GLM,0,18.975800001620147,167.81293919341542,0.4289627638242243,0.5313763203899946,1.032757916355924,1.0470015850276253,0.7666666666666666,0
2f0e48e254871b2dec33ebbe6244ac77,VAR,0,18.98663803276016,134.44901889683427,0.6274101916175563,0.7190999065142287,1.1228820942087396,1.862921038251113,0.7499999999999999,0
714f68806a8801bd0d7bd0e2abb40514,VAR,0,18.986638032760172,134.4490188968335,0.6274101916175574,0.7190999065142311,1.1228820942087347,1.862921038251115,0.7499999999999999,0
c9028c352f4d352d3f47a735cb98fb9b,DMD,0,18.99601835943751,196.94948025085557,0.43571606158009624,0.5364819044057367,1.0441565467791123,1.0745253656238873,0.7666666666666666,0
b182765fa729beb570f846783499967d,DatepartRegression,0,19.003643429501423,197.6603525613006,0.4331915634924165,0.534867131908971,1.041292792747048,1.0620956621724738,0.7666666666666666,0
011304cbd1f193ee08f1d5f0d791414c,DatepartRegression,0,19.010199002864592,132.17804687394374,0.6335383284041062,0.731665613248772,1.007998951762103,1.792862486808828,0.8166666666666667,0
8a9728708c3aba58301fd7fd9ec6d1c1,ETS,0,19.038353791111934,146.46037132337102,0.5446277949170836,0.6756407541306331,1.1745585606981248,1.1576384478762218,0.6833333333333333,0
a2d26be6371e05b07ece31578f51236f,MetricMotif,0,19.040850648347845,143.87593342262113,0.5275227672014076,0.6571552892602048,1.0318178315187028,1.6994250231610082,0.7333333333333333,0
91f2b3741499ebf85345d7c3a614aa81,SeasonalityMotif,0,19.042444778260673,139.9126955658812,0.5299325523221106,0.6528771891730197,1.029927083656751,1.27539596151291,0.65,0
61f5e0540ddd1579f0d55bc89d205c4e,SeasonalityMotif,0,19.060296805902787,138.03260570566638,0.6468953643745817,0.7613649659188481,1.0180244498938098,1.9515432708466303,0.7833333333333333,0
f620ddb4b771bbb875665f1f91927e48,SeasonalityMotif,0,19.060296805902787,138.03260570566638,0.6468953643745817,0.7613649659188481,1.0180244498938098,1.9515432708466303,0.7833333333333333,0
60af4b748431d43feedeefaf2a6044e9,MetricMotif,0,19.065062956412984,152.6654854924313,0.43123144679583636,0.5418100926334672,1.018401669790999,1.0695811240548967,0.7666666666666666,0
8824184040c10c9e0478ec4f50da99fe,GLM,0,19.07483622163666,132.6032746394826,0.6368371308404148,0.7370636083013881,1.00282399445731,1.8191966723052502,0.8166666666666667,0
729161d1fc2203376412771b0df62516,DMD,0,19.10969120499233,200.0,0.4336184454002347,0.5350248986124171,1.0412803818989569,1.0632379934162768,0.7666666666666666,0
6c33d03b866d69c8a605a4dbe017d43f,GLS,0,19.111015395420246,200.0,0.4336184454002347,0.5350248986124171,1.0412803818989569,1.0632379934162768,0.7666666666666666,0
582798c39a89e42d1968a326cd3cdcf9,DatepartRegression,0,19.134384509354895,134.1229056013436,0.6361337828160853,0.7339641572018232,1.0090525692808643,1.801466542894844,0.8166666666666667,0
dcb32b314255a8037334f1dc6694e7ac,UnivariateMotif,0,19.14265699930148,135.69763989110103,0.4319679366799595,0.5415360716630189,1.0106509598383204,0.8617572684956247,0.7833333333333333,0
6a141d189ccbb7ebd2491c5646cb9d35,GLS,0,19.15084599972483,136.5042145381355,0.49778667507715746,0.611579900350034,1.0768089710370918,1.7424310151093245,0.7,0
3513df4ba3f45e24a3c32d8e9ba77764,ARDL,0,19.158049794265416,135.68909265405253,0.629739784706221,0.7312198882762875,1.0492515176529067,1.7473056181588613,0.8166666666666667,0
7e8986bc8d212c98acd2f9794a071f81,Cassandra,0,19.15913836722309,143.15158713624203,0.5598653143125498,0.6682819029625469,1.0946196974449152,1.2472783002404018,0.6833333333333333,0
06507e3acff3627cf3890a4ee6959f10,GLS,0,19.16608055311,153.2626236940659,0.4690775606262088,0.5885073216259037,1.0959862691877045,1.3188801310399925,0.8,0
3a3452004bf4bf51d0a01a86c8872bcf,ARDL,0,19.176127267597302,153.96980776025669,0.594736852508879,0.6993140881801801,1.3841235957176063,1.3553352327160493,0.6833333333333333,0
12ec10a5cfdc556b2f8607ebd7eb8226,SeasonalNaive,0,19.192651052362912,164.9845583215223,0.43740501762031664,0.5348304093331339,1.0750203646728271,1.051022662338157,0.7666666666666666,0
ad6c9a268ba55cca317bf0b7e788db78,ETS,0,19.192733315141176,200.0,0.4336184454002347,0.5350248986124171,1.0412803818989569,1.0632379934162768,0.7666666666666666,0
b5555c122bf9263f8888dfafa732d3d4,GLS,0,19.209276660416155,171.07148175491574,0.4318723297186975,0.533753630504741,1.0258614842661344,1.051150268021315,0.7666666666666666,0
89e7eae18bb0ca28b2b64425797d4ebc,SectionalMotif,0,19.217074723172665,147.49309960321534,0.564454343519867,0.6824919882330539,1.058690072216002,1.963443833835648,0.6666666666666666,0
850367a772c9f1afea17a3c866aa3007,SeasonalityMotif,0,19.217360497759632,157.71027624258636,0.44016230170761633,0.5417879105277597,1.0635075620255674,1.064065709469426,0.8,0
b1256d8cb3df1c050caa052f0b7b0102,GLM,0,19.243039202566457,152.01684333728755,0.5944703241143625,0.6972128393622453,1.0064275024533615,1.8549234396573915,0.6333333333333333,0
a7b7f142abe641b0ab6c7de8f4740f3a,ETS,0,19.260934388216544,159.45294954618174,0.5523744410582505,0.660282092812366,1.0789056617621484,1.7886912635859495,0.35,0
be454f1a245a54559bb3b015b2262458,AverageValueNaive,0,19.267256084266492,198.1892815059776,0.4340567363640086,0.5354078161684328,1.0414341095109096,1.065176082972844,0.7666666666666666,0
cc0c07a52bee7ad3f0687bd4c207c25a,ARDL,0,19.274996147061746,151.1402900367898,0.627218685429468,0.713772529990997,1.0553796935669282,1.6890724046986818,0.7666666666666666,0
b277ff649e1a9d2975bc46aa89a722c4,GLS,0,19.28774858470218,194.56960601842576,0.43450749216822604,0.5356605255508299,1.0411923981010882,1.0667202059737897,0.7666666666666666,0
42c261732c748970b7eedf52de716483,VAR,0,19.290603553158427,139.0135564952029,0.6392793979944209,0.7278631015224114,1.142301734954613,1.8945498371879392,0.7499999999999999,0
879320625ae96aea56cbe7c43aab1f0d,SeasonalNaive,0,19.295486754955704,145.3096478430245,0.48874289811489124,0.5918435249179421,1.0733081178083537,1.1134187146511518,0.7166666666666666,0
385a03de8022e3ece3f5d2804ef9a03f,SeasonalNaive,0,19.30905375933707,159.2089602677802,0.5634069994062523,0.6969147480461635,1.2943606939848207,1.343035922797873,0.6833333333333333,0
ef776b7c2fe99302523f19c5e83ee9a3,SeasonalNaive,0,19.314780167486138,159.2089602677802,0.5634069994062523,0.6969147480461635,1.2943606939848207,1.343035922797873,0.6833333333333333,0
60a9ee28684939ea1e161fa6ba9cd370,SeasonalityMotif,0,19.336621999223574,157.04510267896111,0.4986680644468537,0.5973623659126198,0.9993874842616723,1.3963063136926859,0.7666666666666667,0
1f454891a79d4295ff9b982ed82c66d4,DMD,0,19.354018162462587,139.49902992015612,0.4679289899100576,0.5878422496729035,1.0143626437219968,1.4419550573706894,0.7833333333333333,0
a8ba3abbea66a90d7bdd4b061d9a2cd1,BallTreeRegressionMotif,0,19.371099281611418,147.1456810749018,0.543566090496614,0.6618532683163353,1.3263387574053662,0.9680366519694805,0.6333333333333333,0
b4b849e550e718f56b76edc7f1cabcb1,BallTreeRegressionMotif,0,19.37584256668001,149.38410728526281,0.6596832600164324,0.770545206781899,1.0791084670506603,1.9503062451156026,0.7499999999999999,0
223759aa856f2948b711c150dff5a246,SectionalMotif,0,19.403799069383275,159.09389611656928,0.46601709615872544,0.5758019306453199,1.043301430746696,1.1604074932957296,0.7666666666666666,0
6e3dd45771f88724d69d8d3b34382006,ARDL,0,19.410718739906216,136.3240387058948,0.5232646498617146,0.6570093485836953,1.2218948356407868,1.3147431803753402,0.6666666666666666,0
92d378df24ca9b1337fd23a13897d163,ARCH,0,19.41977056399167,190.07815646652455,0.43347289132904904,0.5360883501479135,1.040669735546865,1.0655359953519787,0.7666666666666666,0
a9351bf90672f385db417922a0f6c562,ARDL,0,19.423505720296266,180.39314264279818,0.43564333887169393,0.5358297299076152,1.06386576353206,1.114631347449447,0.7666666666666666,0
95e9aa2bfa106ff6a51a83d2f6e16f10,BallTreeRegressionMotif,0,19.443018350750016,142.97179500002406,0.6345476059424436,0.7379984800742319,1.0154914336742524,1.7724990566672392,0.7999999999999999,0
031df60c638585a2d85d5014349f95a7,UnivariateMotif,0,19.45035638182281,132.35137969131927,0.5078677432527104,0.6589621349981454,1.061788949058641,1.7118006533408578,0.7166666666666666,0
0c61ef78dbb471b6641cd824c775a42b,BallTreeRegressionMotif,0,19.485520483549024,154.10389178349374,0.5267110095228709,0.6594902206434442,1.1208533057259646,1.3509998884111563,0.7166666666666666,0
f029ac86e27da1f7712ba14faf3b2111,ETS,0,19.49874913243041,185.66856996375435,0.4478859039300603,0.5506349091706446,1.0260279482567387,1.0535057564604855,0.7666666666666666,0
96534cad4a549cf7a09cadebc5fb3842,BallTreeRegressionMotif,0,19.51337482164719,140.79915335732653,0.4160147965653792,0.5282048130012634,0.9999323136923721,1.047979364966306,0.8333333333333334,0
7fb9afb39d6fa9b428cf0f629c21bf27,SeasonalityMotif,0,19.5134251043698,132.87987498240153,0.5375023010074995,0.6701093894713288,1.0656874948448058,1.8957849645636013,0.7,0
3423ede1de2a416b158779641ada0fa4,AverageValueNaive,0,19.519754311844636,197.1993505012528,0.43406103074538027,0.5353307799973867,1.0412725828029092,1.0650122382708103,0.7666666666666666,0
d3aee525e6eb4adf6cd79ba86d924105,SectionalMotif,0,19.52448396926307,161.34179805979755,0.5287103808872228,0.6421552344594821,1.0770511244683472,1.159588692291579,0.6666666666666666,0
fc2991d03566543cca66bb2a050616a3,GLS,0,19.545267651631654,162.78159089514992,0.47012415713590217,0.5696601705572559,1.053563599713143,1.1919971250914523,0.7666666666666666,0
cebba82fb310e6bddd2fac67cd87fcbd,ETS,0,19.56832785712715,188.66905518949915,0.4457019598701044,0.549535059110166,1.0251337072692746,1.0535057564604853,0.7666666666666666,0
00eb5a2157a1732c5790d9433d9dd78e,UnivariateMotif,0,19.576091701684497,143.7354312769085,0.6397830977414513,0.7436087936097738,1.0404774913422696,1.6336442017574224,0.7166666666666667,0
9a5a1e6af94869f643260e6aa0be02c9,Cassandra,0,19.6022733260916,154.75911088463786,0.41671595866689576,0.527488230184557,0.969223332472318,1.0511557630452624,0.8166666666666667,0
d6de528dcd16c36ed7e20795555958d9,ARCH,0,19.634169176798913,196.10494571912278,0.4344516043255287,0.535814458726801,1.041474161138599,1.0672708124742885,0.7666666666666666,0
9ee1d352ca7b8f83ded079ac04c3b2e7,BallTreeRegressionMotif,0,19.653240545062346,146.57313475965788,0.47934381892513683,0.6029370891558843,1.1546986220259952,1.310680723293707,0.7999999999999999,0
1011ecc51b55bfc897e0b278bd13c55a,SeasonalNaive,0,19.664196547814665,161.09793097984857,0.45011815680459577,0.5547722887998361,1.054301301225152,1.1222700964677634,0.8166666666666667,0
647dc6d02ffdfcd31e103f364e51aea9,Cassandra,0,19.66721879285256,138.1261298411025,0.43499299150232096,0.5636706865708869,1.0459887896834164,0.9720172543969339,0.8,0
36ccf73ed56dd584816fd4af01a45df7,BallTreeRegressionMotif,0,19.669015340993777,145.19176635498332,0.6389834189860037,0.7483872002029704,1.0404264299761474,1.836302234516009,0.7833333333333333,0
fd3bc33238c2fc58eb81a0b19996c38f,SeasonalityMotif,0,19.67910630047441,171.59204148282777,0.5251660421183775,0.6228896439560816,1.1073017522097235,1.3748138143388775,0.65,0
51b69b47effabee4412d9640b33126e5,GLM,0,19.680797945648713,154.38023296815473,0.5735038519934775,0.6772990233861781,0.9695500209535535,1.7466793048921012,0.5833333333333333,0
8441a86547289e9ba9a0ca00dec7582a,Cassandra,0,19.68240132840863,166.78166002051208,0.43296158150032127,0.5368614541434475,1.0359374984919074,1.0217328072684368,0.7666666666666666,0
9e59d3445d3f9c6b17d6b1a2f5f04377,SeasonalNaive,0,19.695907706725418,149.86345851022665,0.4771378578383868,0.6048254565123174,1.134519155719969,1.3194330634642022,0.7,0
7197b82fdd3c875237f8870fd3f8d709,DatepartRegression,0,19.709002676650172,141.5320133991184,0.6435987668162846,0.7507419885623239,1.1491064654318712,1.8014168397545476,0.7833333333333333,0
ed090d9a3441b25ca7993eff89b04819,ARCH,0,19.70983890024299,184.81366388943565,0.4492339296191892,0.5571967144265494,1.0369862696131595,1.1313253777078838,0.7666666666666666,0
f772153e5f43a143b15cdd3e5f200803,SeasonalityMotif,0,19.724298146939383,138.28792134168623,0.5582459266915525,0.6739793470928828,1.0112633735828662,1.5156925250814979,0.6166666666666667,0
fa471bfa7a6d005a39b199aa7bf1833c,Cassandra,0,19.72944102256809,177.69680920223772,0.48093063108925926,0.5748995449813872,1.1048359838683188,1.1435665460774995,0.7,0
1e8910720b6fe7f72a29a43cf0fcd3e2,SeasonalNaive,0,19.758043734259047,182.93397869735225,0.4297104508457041,0.5333935745112701,1.0388132782091157,1.0576262657367426,0.7666666666666666,0
20131afb94a20a121bbe25dbab35afab,DMD,0,19.778788276629847,158.0066509429629,0.5831292693756798,0.6815803980524465,1.073087641325532,1.8055539256248128,0.5666666666666667,0
d52e08c8283c7db7a218f49bd06b0213,GLM,0,19.793245389748655,123.64582155808505,0.6711905576518119,0.8264860401186974,1.0166698211524199,2.261542470349493,0.7,0
0bce41d3f80bddbffaa9e082a5897216,FFT,0,19.807129242222796,151.9061615488104,0.5750952347443165,0.6785960931698438,1.046057514648033,1.8352784346624211,0.7666666666666666,0
fe67d935f91f0552178aa9f4c5fec76b,BasicLinearModel,0,19.82395882222508,136.22252173765202,0.6563827836511245,0.8211598799606131,1.0652624609108732,2.1660584703903307,0.5666666666666667,0
1973e0022f17f161cb671ad19e942a27,Ensemble,1,19.825883566417843,122.61451566861072,0.6989167968478494,0.833047007108577,0.9131006009859762,1.6076299214947583,0.7666666666666667,0
4b2ca5233c33fe2df8d62a81f06a2b61,BallTreeRegressionMotif,0,19.850013067674297,139.69632109958874,0.5130879559648354,0.6461868786795238,1.3522594131571113,1.192628969848495,0.7333333333333333,0
20a589e34485c98924c0b9fef3443ebf,Cassandra,0,19.8580236499219,143.62359699491753,0.6554116325724884,0.781639285822047,1.2000351660187383,2.047092878603359,0.7499999999999999,0
0d15532a09e92eec83e93d980dcb018c,UnivariateMotif,0,19.893610718719806,143.7454098127035,0.6705864952245705,0.8051071327656919,1.189672748564329,1.7904720311511337,0.7333333333333333,0
510c2df742614cdd37603ab9c5addcbe,UnivariateMotif,0,19.893610718719806,143.7454098127035,0.6705864952245705,0.8051071327656919,1.189672748564329,1.7904720311511337,0.7333333333333333,0
20b5f2cc778556b4b47434d314769335,BallTreeRegressionMotif,0,19.894694262099005,145.54956126291222,0.5065615837244873,0.61192526962243,1.3121784547916462,1.034777387107091,0.6833333333333333,0
4ca63dc6012c0af4120a88933d9304ee,ETS,0,19.896267752462666,128.10896526645428,0.4960409652142291,0.623415359643875,0.9851870775065313,1.358165674025609,0.7499999999999999,0
644d06a77c9f2d4149ac19314765b85d,SeasonalityMotif,0,19.899706418026856,146.891288368979,0.4886815771996528,0.6089438178536828,1.0537913510161483,1.555232102309257,0.8333333333333334,0
2a9e59389a5b37d8bc9351bbea6db791,Cassandra,0,19.903893558807322,143.60213354439497,0.4545377021957524,0.5727753763751936,1.0673389703633398,1.2286343875338892,0.8333333333333334,0
54d0333045cf5bec469a68c730e34b1e,BallTreeRegressionMotif,0,19.909406056058877,145.2212879513852,0.6517964372330985,0.7511184439435018,1.0380131175930196,1.763029173871804,0.7833333333333333,0
404bf075f35ad9352e86e4f4c59a67cd,VAR,0,19.91282290709312,154.30485972036482,0.41875677809163536,0.505646832288175,1.0670402492580628,0.9553138266338547,0.8166666666666667,0
8623f3a08163526dc74e7ec2effed750,DMD,0,19.915259278334602,158.38162295098385,0.5811929898598376,0.6806236970674227,1.0846912615832343,1.7460493537928545,0.5666666666666667,0
b9f3754e79d1a06cda106104f68852d2,ETS,0,19.916633150993224,134.08640105560434,0.48084523335417,0.6067591560531345,1.0643948791657774,1.372900538951632,0.8333333333333334,0
2c7652078eefd35d51a0a28f5f55c3f0,SeasonalNaive,0,19.921311259204796,156.23897348890955,0.5681162224897486,0.6689408066088753,1.0587722500275445,1.7412091038689248,0.7666666666666666,0
4176fe54891dae075304df4257f4f53b,SeasonalNaive,0,19.92395768736765,139.34021579661962,0.5310190254834829,0.6771227892925696,1.1618936223649659,1.4104640669774522,0.7,0
91bfc38ca69af8f978f1039a78278cf0,Cassandra,0,19.92851212834768,147.98357421644815,0.4946833845559553,0.6141791731258122,1.0436599703477554,1.0851761088079723,0.6,0
e1be9483ecdd43a3ebadcc9e51a16285,ARDL,0,19.92906656649745,138.92621995833673,0.6376395726845938,0.7473264037929417,1.0977391375171703,1.8261837499290134,0.7666666666666666,0
422a018a776d8444924cd16b75370381,Ensemble,1,19.942027906075896,128.09874354768334,0.6957970606793902,0.8307049431153235,0.9383939570607938,1.4922319483504578,0.7666666666666667,0
507c90b71975fc5b4eef125971d373c1,DatepartRegression,0,19.950631094946793,141.3399626464869,0.6530163660032803,0.7758681478922536,1.0749897223978164,1.8451141934550115,0.7833333333333333,0
5e36bea651962cab911ad450aaf0b0b7,DatepartRegression,0,19.950631094946793,141.3399626464869,0.6530163660032803,0.7758681478922536,1.0749897223978164,1.8451141934550115,0.7833333333333333,0
5e6d4c783bbea7d01c709a808a7bf4fd,FFT,0,19.958347476712724,171.5857918262613,0.43334509511644204,0.532293315391638,1.0560978908046719,1.0720789909740067,0.7666666666666666,0
606c92e3a02286e798a4e8f3331fa024,AverageValueNaive,0,19.961678256288454,174.78146408391018,0.5345247422071433,0.6369118882357989,1.0652436767426359,1.6557566050229782,0.6333333333333333,0
5f011ca09a314961dbb7bfd189507713,Cassandra,0,19.96721347134907,157.35920608127955,0.5150090953688188,0.6197310427038941,1.0686904810789508,1.3299341298144847,0.6666666666666667,0
e28269fa1d0bc9fb4d3bc332409cc745,DatepartRegression,0,19.969833017530277,142.75051324334638,0.6594515828885081,0.7714723511463106,1.0860495614829684,1.847855647349118,0.8,0
7c3b69b8294b66707558c9df12cee776,SeasonalNaive,0,19.99753605579949,152.5851028534331,0.5198686979276095,0.6410100083703288,1.1556372801899861,1.2506245410026853,0.75,0
257ebf5616aa22f48e102e84dcff5340,GLS,0,20.013014948383756,136.8494367887163,0.494281838231064,0.6078382362925079,1.0778347362831915,1.712534681984159,0.7,0
5034e7d8fb842c43057a193a2137dec6,Cassandra,0,20.045918698739385,155.4502793183055,0.47021384193107557,0.5931294643966482,1.0850056586612813,1.3185421456350295,0.7833333333333333,0
e07344ec78d1ac6e42b5e23c34a4c6f6,FFT,0,20.046712420369584,165.4745893998045,0.4405141019367189,0.5346363793884691,1.0465709042424964,1.0632728623853827,0.7666666666666666,0
08894191886b2c8705a0f596ce98db9d,VAR,0,20.073472824174985,146.05778307323084,0.6572401241121081,0.7482937754690985,1.1676692090683474,1.9966272001621177,0.7499999999999999,0
3a1d78d0e4a02c442d7ecf5a214c4c0a,MetricMotif,0,20.087864334344722,168.53251283650076,0.4782510604384681,0.5900714812436753,1.1207508431909416,1.1734673234204032,0.7666666666666666,0
0b923d4b24ae645224d2f90e7356082e,BallTreeRegressionMotif,0,20.105480219790643,141.88610519641347,0.6610904684971227,0.7756786956938101,1.0550055309705078,1.9656201397490896,0.7833333333333333,0
1badb8b9826cee599f7a82cb1fe2cdad,ETS,0,20.107508125053997,132.63488059719407,0.6892854322366302,0.823869504464699,1.006672122182675,2.099105881746832,0.5166666666666667,0
421fca21bd42e96ab5e23084b24aec09,BallTreeRegressionMotif,0,20.12140020625181,149.66564274506803,0.545793522491184,0.6506411034918516,1.082637785256518,1.4751946866147077,0.5833333333333334,0
46b1677d30d18c66cd286f409df8b283,BallTreeRegressionMotif,0,20.121583925779117,175.22723753227004,0.5162806985902839,0.6175373982841152,1.1375973761999512,1.3678330993185768,0.7333333333333333,0
a12fa70dfa7d9a7011cb337cf3952bf8,GLS,0,20.136753748884,136.33140244667976,0.49771928362352924,0.6125274044003163,1.0768483923179946,1.7435524574256172,0.7,0
a990018db82f929b5f807d350fe90640,Cassandra,0,20.157031807775592,127.5319572293467,0.6898903361270758,0.8073152805305822,0.9009940950518451,1.9820629189784467,0.6666666666666667,0
889ce585b36b75b1742d7b15af4c6fa0,FFT,0,20.158010584103973,152.329891968471,0.5836931433604227,0.6872106742003525,1.0585444454245692,1.8452457249217715,0.7666666666666666,0
480072909ba2ade7b2db6ee2f4371eed,ARDL,0,20.16964057851214,142.2623621436509,0.4709456898575026,0.5951462220742502,1.0596827507804618,1.2458092337884992,0.75,0
fc6744471b905574267c135ff8d1c347,GLS,0,20.17048994430026,194.01543912070832,0.4330358113487686,0.5353383072880558,1.0407843668660282,1.0637266199157438,0.7666666666666666,0
39d1cf6576a278505a3d5da374497dae,FFT,0,20.172717459122804,147.58483861067546,0.5049730345832432,0.6181425410895338,1.2177624995779213,1.1645633784998906,0.6833333333333333,0
80dee860c2064d9be4aca0669fec0e88,UnivariateMotif,0,20.176425396916493,147.94592240103353,0.42867617410429293,0.5424314800630559,1.0701499467781865,1.0523446331113417,0.8166666666666667,0
a520c1d8bd114ec49039e200e4f6f5d5,SeasonalNaive,0,20.190844299199423,145.1747780782935,0.5890309824273042,0.7152994597946334,1.3839002153875866,1.504001364662652,0.6333333333333334,0
8d8cae9b2f5ec488b410126b92258489,ARDL,0,20.20195472806106,137.3123843868894,0.6086189748138089,0.7428749415778039,1.0003058082850944,1.0627587836114136,0.6333333333333333,0
729d0a2e5a6c7d76d723f62c4f9600a3,Ensemble,1,20.205694695138156,113.36689903966953,0.3838140864791692,0.4917926148154625,0.8375259295937086,0.8721609178127409,0.7166666666666666,0
27c39ce1191b31b267779097b36eb643,VAR,0,20.20860147054226,154.2804944809284,0.6562525195629614,0.7716885830722606,1.0546986982424789,1.1971109874871797,0.65,0
cf99e148f1ef214a8272cb8649e76fbd,LastValueNaive,0,20.2332677798446,152.22363406115915,0.4400487177289671,0.5533993008156363,1.0436184976350864,1.1800668251193085,0.8333333333333334,0
0b940992c464721f6081bf158ae771d9,Ensemble,1,20.24746757104862,136.82811872567743,0.6641386580828702,0.7771744991713281,1.040889755623419,2.049007480477084,0.6666666666666666,0
86b550ed3156526699e2c3df74132410,UnivariateMotif,0,20.259252512795275,153.2986557850541,0.6594796188095471,0.7732198451878165,1.2163823814710484,1.6068499692055418,0.7333333333333333,0
e575df5b9ce4cbc9ab1508af6fb142f5,GLM,0,20.26200980154774,142.16297008669704,0.632981224877552,0.7508971844673891,0.9969465635953272,1.2256924665370708,0.6166666666666667,0
39c89067a920765eb59ee2e917a4032f,Ensemble,1,20.273264469676338,113.4172362610808,0.5491501602871465,0.6583557360455772,0.8706644952640268,1.5721332890628792,0.7666666666666666,0
45d76c60d1a73e11dd36bbfd02d79c68,ETS,0,20.27422778390037,152.54713549126723,0.6126468183635259,0.7166754745848266,1.0656947260131397,1.97350637699935,0.21666666666666665,0
4ab89d0e9081e730de8ea7b50ad08025,Cassandra,0,20.274598545937902,132.29435463925452,0.6412716806922797,0.7959723965186282,1.2638072849395319,1.3935397485821273,0.7166666666666666,0
b09bd2d848de4faf41982d1fc4b69785,WindowRegression,0,20.29562744367133,148.53658227429344,0.4515129855683656,0.5661915061895525,1.0381718894814274,1.0816645448823283,0.7666666666666666,0
3743cdb34c43dd4a11d3a6a1c0dc1019,BallTreeRegressionMotif,0,20.296653678780753,149.13506096182917,0.6589706690871671,0.771135761721696,1.0703188367977798,1.9329136952377894,0.7666666666666666,0
5fa5a0fa017cc380652ac37f83e79133,SeasonalityMotif,0,20.296797363349576,160.81800320056308,0.4891170780917243,0.6000747968370586,1.2639649946487297,0.9769819158923883,0.7333333333333333,0
2e9b1ef8e826642971f05ae7118c1384,SectionalMotif,0,20.3057721881551,172.00231536722734,0.5336857766418597,0.6572347400130151,1.180234553884533,1.5555992383697823,0.7,0
873d24b17335b58cbcf413241f75d54c,SectionalMotif,0,20.31613908057044,166.7018183032995,0.5369517119736863,0.6599455541223646,1.1363998211945574,1.6271781268138519,0.7166666666666666,0
aa318c57c8046bd8a896089814e7c77a,BallTreeRegressionMotif,0,20.319726053195,160.96731845639877,0.6713011985370422,0.7686713831511292,1.1565775285365225,1.8423860494792628,0.7999999999999999,0
dc9142d1eea3d0c7ba2e6d499b53453f,DMD,0,20.332769706539604,140.9118205577438,0.5087222478475192,0.6293287814505407,1.021077506874737,1.7416153714106604,0.7833333333333333,0
2933b2ba59cab74103d36f24f10c044e,MetricMotif,0,20.343838224036343,146.42708455319374,0.561482238180433,0.6681813389435531,1.0559152043663518,1.7554843796876187,0.5666666666666667,0
2c2e73f23307c90f39bec1d5c4d77e7b,GLS,0,20.367898276519522,151.29710076104166,0.5568621843931766,0.6549831231421579,1.0560870343828404,1.6978495951335872,0.7666666666666666,0
df6b783de599630287a91264415e2cba,ETS,0,20.36879614521363,151.2874574676661,0.556849432895319,0.6549759868848859,1.0560884432102227,1.6978652011106754,0.7666666666666666,0
80cf5f4ebf3532d4852262ab9731bf29,UnivariateMotif,0,20.404604946719708,154.2822740671554,0.5425432810630109,0.6262964995979919,1.0932593124793315,1.1699490749155863,0.6666666666666666,0
53e69c340de75b1da45bfb82be076881,ETS,0,20.437324414291904,134.5264893621913,0.4931629461610819,0.6135615981296765,1.042957094259252,1.369337080573615,0.6,0
f296fc6aa66b344a4ef3f790546d01ed,SeasonalityMotif,0,20.445539528927846,163.43322204049974,0.548704517726593,0.6941756698024275,1.1881135709194557,1.3850841885692435,0.7333333333333333,0
161b116b400d8acf922e66530c99b87a,SectionalMotif,0,20.467257398867403,168.95295074283163,0.4303444216723743,0.524435139665852,1.047016431489847,1.0271363619576526,0.7666666666666666,0
f775e1baf103ff9a54ff95a8460e2421,DMD,0,20.470289619713526,147.1904718165976,0.6864992885155748,0.8091930268253394,1.219002218061566,1.9177123672981664,0.75,0
9f40b59623e7eebeac5d7c30ad7af7ed,VAR,0,20.471231810456793,141.70185676880342,0.6798374845111923,0.8336038452313282,1.074837227503315,2.41914014567425,0.65,0
dc85369c73122bb108a5ee408c649850,GLS,0,20.48739954803103,151.380107474708,0.6070088484516292,0.7123972509541767,1.0654376571160404,1.9542272328915211,0.35,0
ba53486ed6fd3e89416b145534188d97,UnivariateMotif,0,20.489719373392223,146.02566581378156,0.6753992775466237,0.7794328561917293,1.0853383524695759,1.8021632468290043,0.7166666666666666,0
937e166c3efd8663d6b233eb231bea76,UnivariateMotif,0,20.501137226349215,152.2062526790851,0.5059877835068003,0.6212577572360642,1.2408745030444628,1.3927669164822245,0.7333333333333333,0
5f02071313ebeeed2cd761b218f45660,BallTreeRegressionMotif,0,20.510284641469955,149.9789427739778,0.6630343854625572,0.781715614283616,1.07018226392215,1.9573252290562795,0.7666666666666666,0
9d82bd14e3115f56e80dcf203a00b2df,ETS,0,20.51070410851026,152.25598290440814,0.6075120581695103,0.712266907980069,1.0654175557891046,1.950186796802273,0.0,0
23389cfd752cc6551eaae6008dcace28,SeasonalityMotif,0,20.514403342373235,148.58342553728045,0.6881589345927176,0.8334560073967825,1.2100549422338336,2.0428023106870143,0.7833333333333333,0
b2874ba53e3558e29c718258cf01f4ba,SeasonalityMotif,0,20.536782456446517,141.49802529365667,0.5849004783223446,0.6991948363511267,1.0131085385052672,1.7515028046691161,0.55,0
e6553e7ea837fe887d72b76bae3b447f,VAR,0,20.53783883472286,158.4383397307165,0.4796036469629389,0.5960336451438065,1.2925991887382635,0.9883965254592761,0.7,0
12e9b36c2c7801740e468b6d374a7be1,VAR,0,20.537838834722876,158.43833973071676,0.47960364696293895,0.5960336451438069,1.2925991887382633,0.9883965254592754,0.7,0
7a47bb337cd8f1c1d99d437df4966b8a,BallTreeRegressionMotif,0,20.538324597483637,144.64995552767604,0.610918527046348,0.7616077994712632,1.2374391350571716,1.5707082880462044,0.7166666666666667,0
3e4497a0dff1f777332e5a658955ae0f,DMD,0,20.54053271967379,152.71947452952145,0.586663905661777,0.6923989415993294,1.0965567402683116,1.5016459562527373,0.45000000000000007,0
80076a83142cbc82b9c6bee2c155b68f,FFT,0,20.546856970127177,152.02501553703877,0.6062762072853707,0.7110434400482305,1.0665629474367708,1.9599309525861266,0.4833333333333334,0
797d82b301e096a49199988f0614b81e,Cassandra,0,20.55143230052988,119.39512557822073,0.6368593407021272,0.7939079426328701,1.0903071619632172,2.3326613454334493,0.7,0
453ed19a6f9d8bec83eab5c318062e48,AverageValueNaive,0,20.566520682145732,143.7706811345887,0.5179762359440537,0.6197326985350309,1.076676222862221,1.0535057564604853,0.7666666666666666,0
bef543bf0a524967d3948747e4f705bb,VAR,0,20.56660077910267,154.53205973411104,0.4347344476596877,0.5378959172824412,1.149374779542328,0.8277992385364288,0.7166666666666667,0
0b6ae6969d2e5e1576c0fd9ae64c9308,LastValueNaive,0,20.571630537504742,151.21920278486832,0.5569579294603911,0.6551203182172579,1.056086905801342,1.69883825571628,0.5166666666666666,0
be41bdeee7f10e9c2c7013b62caf3349,DMD,0,20.584213944188903,152.26890956559168,0.5906809799885406,0.6966785034263243,1.101572523074649,1.4928799390689875,0.4333333333333333,0
b63dfe398c63e4788dc1e5dbc24946ab,SectionalMotif,0,20.609020491260626,155.1151001594099,0.689446547306513,0.789018332659182,1.1277163200201894,1.9626493673317917,0.7666666666666666,0
7e26f9798412228885ebb464f809c31d,ETS,0,20.63047234717935,152.25598290440814,0.6075120581695103,0.712266907980069,1.0654175557891046,1.950186796802273,0.13333333333333333,0
6fe8666a4cc8db4efca93f6e80f7dd2c,AverageValueNaive,0,20.640732154040688,173.43663265856145,0.43053595431566105,0.5323700040810746,1.0413563089129139,1.0536069707643152,0.7666666666666666,0
14cf91c0c32a35b9cf447d3d100643d8,MetricMotif,0,20.65097272587244,143.15972163104593,0.6044007952424202,0.7208483331391674,1.063638467336735,2.112323006187817,0.55,0
d7a11bcbc2387f4523dcbc2a7c257f86,ETS,0,20.651667072323104,152.25598290440814,0.6075120581695103,0.712266907980069,1.0654175557891046,1.9501867968022732,0.18333333333333332,0
62a7baaf221a843b9731fc6f74f0f71e,ARDL,0,20.65501785721749,182.64015076768757,0.4427626594905025,0.5468621197888237,1.056985789914965,0.9804851530505069,0.6833333333333333,0
997d8307fb286bee9b4631161325305b,MetricMotif,0,20.661773977288664,158.3813507236049,0.6654780540165935,0.7929956801896116,1.2008270274286694,1.8273770788189825,0.7833333333333333,0
8b016d4fec758ad47d5e444dae32a98a,DatepartRegression,0,20.67253629686585,139.79105924562293,0.5895810237542353,0.7283852713199066,1.021788102075216,2.018293024691032,0.6499999999999999,0
bd883e4ed3b35e6c48bd5676b4facac3,BallTreeRegressionMotif,0,20.685229916499953,151.8079326691397,0.4461173528002119,0.5525971467403076,1.0482000908617497,1.1724394760897123,0.7833333333333333,0
ce1c01dcbccf13417f768e18ca29a407,DMD,0,20.68787402882449,152.53338804396515,0.5991803806066123,0.7047561477745589,1.0657916173176623,1.902009038180676,0.2833333333333333,0
6cd9c66694bb2188198df1b86dea53bc,SectionalMotif,0,20.68938216396754,156.00657566715253,0.6805017753690528,0.8051428551415425,1.140982476699096,2.12613919660085,0.7833333333333333,0
1e5b5e05467e57b9a8f6ccb3b2b19962,ARCH,0,20.703933351315282,165.81334051712693,0.4311023135836421,0.537451888021245,1.0529071405983845,1.0795983789194372,0.7666666666666666,0
5a543daef6d5a6445bb19cc78963e9e0,Cassandra,0,20.705470739757143,151.89573745540477,0.5661702166470486,0.669024516875497,1.095054682826652,1.6183964192759697,0.5833333333333334,0
26d782521bcb8ac4d5a525061612b0d5,DMD,0,20.71422144911028,157.39248218666754,0.5982959253479165,0.6956580962758558,1.0864257531828838,1.784903932867234,0.4833333333333334,0
b63e0efc8c6183061efc343e8bd61a7c,AverageValueNaive,0,20.71819859213755,161.98329698776217,0.43562115953425656,0.5402574988723756,1.0640575578643263,1.1558765665014807,0.8333333333333334,0
51d02c32c04080990437e3a29edce4b5,SeasonalityMotif,0,20.729098709939052,161.85732507421085,0.4343600745959334,0.5389642620033847,1.0670296605440834,1.1628512292835032,0.8333333333333334,0
cdc385ee03bbd9503909e33b5ca18825,SectionalMotif,0,20.746859454941553,108.84752708438069,0.4443573621736552,0.5673680613566202,1.0070169291517082,1.3477529184081287,0.7666666666666666,0
4e9ba0e459a2c9e9eac621bc46dce203,DatepartRegression,0,20.748082318314005,152.6500132890257,0.6764407851870831,0.7941623652348453,1.1764284347192446,1.8583973532258464,0.7833333333333333,0
f097ff0d998c8615824c1d7c0b1b25cf,DMD,0,20.752646356460314,153.71986321239743,0.600077650010947,0.7050095530232829,1.065938855613601,1.8983843552896602,0.29999999999999993,0
2f92ce5fb7830e185de6c57c0976c9bd,UnivariateMotif,0,20.7598923344302,153.20764624536838,0.5696667398006987,0.6956450836668873,1.3526045442617216,1.2531596837611174,0.6166666666666667,0
5b2ed6e3453253cd9e74c1d9c1523c4b,MetricMotif,0,20.772105247193373,154.28930641217056,0.6715026105081432,0.7893155565660314,1.1704258983452391,1.808427985716237,0.7333333333333333,0
f21a1a09cfb5bf6b470046ba941cf4dd,DMD,0,20.7816784134169,152.25598290440814,0.6075120581695103,0.712266907980069,1.0654175557891046,1.950186796802273,0.0,0
a2abf386dcbe86d8fd46ddeadc2688ad,ARDL,0,20.806960893558625,122.38963079755631,0.45800621059590013,0.5711623794806742,0.8636891625204445,1.3361733207931603,0.75,0
6718be1fa36705a27ebed837221506aa,GLM,0,20.8177786771285,155.9927178499849,0.6714868364309856,0.7793519320616411,1.179943747969015,1.8496544339226113,0.7499999999999999,0
91255e21a6f7bea8dbf6e74b72f9a7b8,SeasonalityMotif,0,20.829517152133658,156.51780045908012,0.6888945153165827,0.8129002977679735,1.21316119385961,1.9638589806408517,0.7666666666666666,0
ea09670cf9a6dc98f2be9ced45adb26f,VAR,0,20.836718694503556,135.24095335765918,0.48393467841157867,0.6047485098190661,1.0530393272198475,1.480723816359739,0.7333333333333333,0
d4de6c84977d39de2ebfe1bae8383011,Ensemble,1,20.858321334355438,140.297657877296,0.6708050835778038,0.7858243401295587,1.127872681528414,1.9292979410855662,0.6833333333333332,0
37c964219c8bd094e5626662db6c7794,MetricMotif,0,20.85921055066516,154.4509293795298,0.6772006654566796,0.7983894124589634,1.1875978288199693,1.821983318045475,0.7333333333333333,0
dc5e7f3080c037433e01c7d3d3cf7094,GLM,0,20.88690901756346,157.61590301344603,0.6095765358410662,0.7094452067964,1.0632285128606462,1.8744484218278228,0.5,0
d294d67c11087cfb2a0e31b131eb1f3a,GLM,0,20.890922927503116,157.01828397889568,0.6735248855090803,0.7817936046755202,1.1817820341231668,1.8619867100793877,0.7666666666666666,0
bdcac138ab17ae5291791cf02c3cb4ea,DMD,0,20.894048307095556,158.95770363192224,0.6055756847041907,0.7045408086666736,1.0888236446402553,1.7559228589093032,0.6,0
5adb4604601e40af6ef39091a7c1cd67,GLM,0,20.903024776324298,157.01828397810294,0.6735248855095113,0.7817936046764475,1.1817820341240952,1.8619867100811731,0.7666666666666666,0
a5d377f4216039a794a5256319693542,DatepartRegression,0,20.911253168907113,130.13837488115098,0.4219599126709891,0.5406052420227336,1.1373633655571989,1.0343949236349859,0.75,0
0388e77c60bc91aa52788653a041f7b7,SeasonalNaive,0,20.946140468053883,145.61000182287623,0.653767012281957,0.7964651986085519,1.4912762632499512,1.5351277457086212,0.6333333333333334,0
ef60b8370ce800c4d93d98de178e4399,MetricMotif,0,20.964846712643702,164.09824513401017,0.6936103358378687,0.8071552915560943,1.197847071729503,1.9545565689516224,0.7333333333333333,0
a740d16b361efbc70ba2ae3b730abc10,Ensemble,1,21.02752186367507,131.745811259741,0.73180425479567,0.8745386228883731,0.9969604909001781,1.6413179264842668,0.7333333333333333,0
5d6b88d7584b331393d201e3f5ee4f5b,Cassandra,0,21.06035779611186,164.7867817743809,0.45822067727432403,0.5516465489162611,1.038473690158259,1.1486525443777023,0.7333333333333333,0
9f01f506e28e7e22d6e32482b9a207b5,UnivariateMotif,0,21.071130349798477,131.0724361650276,0.5767604976467595,0.726217755098408,1.0857177041965065,2.052039988956201,0.6833333333333333,0
b20a22cab68a21686e59189eae6666fd,AverageValueNaive,0,21.0729209346158,152.25598290440814,0.6075120581695103,0.712266907980069,1.0654175557891046,1.950186796802273,0.0,0
a8dfb9b08e264bd14c09b1e754d6b158,Cassandra,0,21.111503190477844,153.18590893962624,0.5131732653987442,0.62211501699742,1.0145040699067709,1.3503560862205166,0.7,0
b57581213f918585955f4119b2cdd1b6,VAR,0,21.121398009373905,152.5101112028113,0.6090762454291254,0.7214360859847868,1.1144668461818732,1.693630827156016,0.6,0
57f0d4d130e1a000497dd333123ff3f9,RRVAR,0,21.154856753893597,167.48828118652926,0.4329988197876671,0.5346351878310955,1.0386485366459595,1.053568935668876,0.7666666666666666,0
f4280b86880b3d2e47810774ba5cb45d,GLM,0,21.15674297096874,191.81231493914044,0.43295372715107805,0.5336726674456441,1.0417712767134788,1.0675924819373923,0.7666666666666666,0
cebc7d935b0d2c1709609345378c8e6c,BallTreeRegressionMotif,0,21.161392153548142,177.23512641307622,0.436231330370371,0.538231714325242,1.0625831054712171,1.1092266251508784,0.8,0
7cf694ec617986a8ea44259f3ca0cc9f,UnivariateMotif,0,21.168184939937188,152.36704598191187,0.5974929158305302,0.6886774153980051,1.3658247150110383,1.3764284002820268,0.6166666666666666,0
f7308476090e2a15b3eaa3c6e59f0fba,UnivariateMotif,0,21.168684008200223,140.1514418990611,0.7113160543991708,0.8614906284860891,1.2536409153508572,1.910387412759977,0.6833333333333333,0
da685bde91244295dc63a3f61c122a15,SeasonalityMotif,0,21.1897342884623,145.37534695957999,0.7140760559197668,0.8373839805163446,1.1841825612416224,2.0558259161061856,0.7333333333333333,0
6a6006916912fe1f440118802e5edecc,Ensemble,1,21.1984867956098,137.81880935314163,0.7427353650718541,0.8828202696356391,1.0086153143475816,1.8663516669811593,0.7666666666666667,0
8d4ef8f6dcbece6cdddc49533403b10d,Ensemble,1,21.207285682147095,135.0521583531027,0.6567215299534455,0.7909360184058307,1.058428797433177,1.8843128710048958,0.7166666666666666,0
7211961fd6683bff538517aa4b056652,VAR,0,21.210057082495158,148.98009809467686,0.4369062840039736,0.5417188310237676,1.2499078911876886,0.920807846649853,0.7166666666666667,0
a466244161b8579573068748720dc652,VAR,0,21.21389193849694,162.57020914483707,0.4750537765732557,0.5927580193904884,1.2899366114210786,0.9534444850084377,0.7,0
9ae8ef4a0706cbc3de4a81df227124e9,SectionalMotif,0,21.224379703860382,151.22246464333674,0.7138822673804908,0.8167668279955891,1.0543488006674147,2.0026427668389006,0.7,0
20b059db8221aa284f89337941a902ff,AverageValueNaive,0,21.233330333297822,174.85865710729817,0.43359369269836884,0.5340732386359944,1.0406474028810517,1.0535057564604853,0.7666666666666666,0
69ecad3d7a315a84b687739dd0a5f067,ARDL,0,21.236971742670484,147.08154825979895,0.5057651124348277,0.6171354546719127,1.0865680256149701,1.5432397440238657,0.7,0
88692549502777ba32056bdac59758c2,SectionalMotif,0,21.245207077014985,154.7101889803134,0.711388846762357,0.8307409702266945,1.142851840691688,2.114096679971887,0.7,0
55391eab55a98aa0341a3198f020022e,SectionalMotif,0,21.255526188407444,155.42932906522654,0.7123749945128728,0.8193106650163718,1.1996012420406863,2.0063050713165183,0.7166666666666666,0
a1f449a26ca135e55a40ac5ffbcef418,MetricMotif,0,21.260682309290903,149.36196039846638,0.47916994737636553,0.5914069113369391,1.0959613229032028,1.3603124878258515,0.8166666666666667,0
c8d5aba15f656d1eca1c54f31cda1d1f,ETS,0,21.27730895819545,153.7644023761031,0.43530251121331764,0.5368677816740794,1.0199368135231008,0.9351862946496485,0.6333333333333334,0
f36785b526f951a196c4a08eb38d9ab7,BallTreeRegressionMotif,0,21.28780630546336,143.21930788251478,0.5347324922680787,0.657229806475457,1.4124115620184399,1.388139820471876,0.7166666666666666,0
edc6ce4b0976cf51121974603753f41b,SectionalMotif,0,21.301437012710878,115.69339227854866,0.5241649744495382,0.6587808301811056,1.2552305261509016,1.008520638533241,0.7,0
4223c10efa417fcb5f63521ee2702cc2,ARDL,0,21.30420273801817,178.31110824429007,0.4524293819860734,0.553693321111276,1.1246159759885568,1.1775492578701805,0.7833333333333333,0
4b02729c84404cf6473c537cfe707b86,BallTreeRegressionMotif,0,21.315805207832753,148.89703645615674,0.7359303215874997,0.938699663407798,2.0430749143573106,1.674061494784985,0.6166666666666667,0
0afec0f686def32ced0f7a4d25ed3fbb,GLM,0,21.36496168614368,165.36340971005245,0.6823607463444534,0.7879862889506186,1.1599303502177318,1.9042619908804077,0.7999999999999999,0
71ec710c9894323e397a9f29f8183edf,UnivariateMotif,0,21.387581496217447,140.3564697119292,0.7495649247435925,0.9180662692272573,1.2478035851092921,1.913833489587913,0.5666666666666667,0
498bdf8fca9cdefc2341306c8657533f,GLM,0,21.392814326210313,165.57573285627362,0.6834196008336556,0.789659218094802,1.1619425828272394,1.909712598100923,0.7999999999999999,0
9cdbddd451db47f25c701189a589dd75,SectionalMotif,0,21.393814334257588,176.2841921911826,0.42524393447281617,0.5276440454621366,1.044599970132062,1.0524140850519592,0.7666666666666666,0
383050ca1295f4997245d6b99b32f574,GLM,0,21.40187951439632,165.57573285697714,0.6834196008347717,0.789659218096285,1.1619425828281453,1.9097125981008838,0.7999999999999999,0
97eb35b0f4bd6650daaa193fdf1f85f2,GLS,0,21.412345732251474,185.26315509253214,0.43509684393735054,0.5375077531336973,1.0398070711710719,1.0735581804466638,0.7666666666666666,0
75087d0dab01709a10cc9cdddb0b337e,UnivariateMotif,0,21.415898886602793,153.84790595476272,0.701109205278389,0.8385749621137849,1.1556210955360047,1.991965447864787,0.7333333333333333,0
dbd5c49eafa1ab96580132607bf09010,Ensemble,1,21.41658313789684,131.36770491144458,0.7291236449563111,0.8827892959914829,1.0608591265422285,1.865101342319377,0.7,0
ea5b74c6614cb22defd09d7d534b65fc,SeasonalityMotif,0,21.432898511293722,167.2148463375144,0.6994629917792122,0.8263076974825669,1.2501400074736746,1.9704712512415974,0.7666666666666666,0
91bb392160e78b8d0b539c52c99fd3f7,UnivariateMotif,0,21.450683727933182,143.7530732638282,0.8018834853095111,0.9594578795463187,1.5100835368572003,2.0340330261616937,0.7166666666666666,0
171a2567b318524854cfe83cf4c79285,Cassandra,0,21.454186419545323,162.84368221580672,0.6654168758629747,0.7866243527453329,1.4861199269671208,1.3705852038517976,0.5666666666666667,0
ebe9ca07920d52f585566866ef540522,SeasonalNaive,0,21.46519742457727,121.74028470585704,0.5543535915440666,0.690684639678395,1.0716276569093108,1.912840340357406,0.7,0
85f2054c7b6503236d8d58840f416caa,SeasonalityMotif,0,21.47032678278799,167.70645450140208,0.7015555979352814,0.828258000387299,1.2543360085230724,1.9819976886764266,0.7499999999999999,0
cb0b62ff1487dadfa9b5b84a343923d4,Cassandra,0,21.47448337371779,151.9511296983086,0.6049739894928875,0.7112968610210497,1.0712099003675248,2.0664006398805497,0.65,0
4ec13f04ed6145578a97838a5444ccb4,LastValueNaive,0,21.498545765241087,154.33324488872557,0.6048363946025901,0.7120606606693615,1.0721672257488484,1.9005279914251052,0.6833333333333333,0
484d29fb4e32543f4645fee83b21754a,LastValueNaive,0,21.501391078367757,152.25598290440814,0.6075120581695103,0.712266907980069,1.0654175557891046,1.950186796802273,0.0,0
26ddec638d52a25141465fa308bdcadb,GLM,0,21.50286045260387,167.41272851287175,0.6853318544517113,0.7941633469809484,1.1687526361641154,1.9322165180879263,0.7666666666666666,0
60d8be42e6ffcc420a3df4f907b60b16,GLM,0,21.50286045260387,167.41272851287175,0.6853318544517113,0.7941633469809484,1.1687526361641154,1.9322165180879263,0.7666666666666666,0
7b2e70eee65da9b6e688e3daf4971f6f,VAR,0,21.505973093102657,123.31498174158273,0.5463755174097173,0.6737731795349167,1.0559674244314148,1.7903420145865419,0.7,0
411f66e4fcc2907f97cbd099211e92ff,SeasonalNaive,0,21.506943869691316,136.26365263222306,0.7406719859046985,0.9390247981344864,1.857846108018353,2.216600122769696,0.6333333333333333,0
c4086abfcd2eff438fb72900e2d5a0ad,LastValueNaive,0,21.511538176212582,152.25598290440814,0.6075120581695103,0.712266907980069,1.0654175557891046,1.950186796802273,0.0,0
ad46599d9d2ee3b8c7da44beb9b9f0b7,LastValueNaive,0,21.519027186457333,152.2529361235819,0.6075173656024495,0.7122743398879401,1.065416920110616,1.9502384193989577,0.5333333333333333,0
c8ef81a1864ccf5d1dc586afbf27af3f,DatepartRegression,0,21.51939521208823,151.16928987631735,0.6398193816731745,0.7704858419330765,1.16907035738581,1.9520220550819087,0.4833333333333334,0
9c47b9e61c6ca0384141f4a4c4dfe63d,LastValueNaive,0,21.519909376195464,152.25598290440814,0.6075120581695103,0.712266907980069,1.0654175557891046,1.950186796802273,0.0,0
5584439a371fa0c08d92559477a4c545,RRVAR,0,21.531652609307955,155.38070142629522,0.5300115679524221,0.6314201131505383,1.0499299817375145,1.5970610682257949,0.7833333333333333,0
b246d006e71946b734687851f0067fb8,MetricMotif,0,21.532729528535196,163.44011325474253,0.6714559854948872,0.7995491416729662,1.1974741254751038,1.942038005915834,0.7666666666666666,0
0fc3e13927504f9397dda05cd1650f32,SeasonalNaive,0,21.537326663858394,136.58510932975528,0.5915797442007175,0.7347553963070304,1.3291807549316679,1.2090267202918854,0.6,0
46f0a5578a8c0bbd89883f049cc65528,RRVAR,0,21.541005006271618,162.50629865231036,0.43213017967620476,0.5350842299397686,1.0374397876946992,1.0513640287370916,0.7666666666666666,0
b38df246a1cb702b14b8ffcf6d52770f,AverageValueNaive,0,21.589584092458047,152.25246022139626,0.6074413590562259,0.7122027433811436,1.0654200395948366,1.9498491651794545,0.6000000000000001,0
fe2f276beadf625b462b9c40f82f7e15,DMD,0,21.60385868596262,182.9519049055125,0.4381408184660744,0.5399338001051659,1.039616827013635,1.0936698104747342,0.7666666666666666,0
266b5ba053d4bf26da5a72ec282d967a,LastValueNaive,0,21.60658646214015,142.32294248659258,0.4683513643246225,0.5774733271522932,1.1088117393724988,1.4284725914780176,0.8333333333333334,0
a3522726a68c9e844392334a06c0023b,RRVAR,0,21.6341473966408,163.35955120621344,0.4321663104176892,0.5347660155649197,1.0365336332677895,1.04976606840545,0.7666666666666666,0
a7724e496969e2c931d6370930b3e841,DatepartRegression,0,21.63882298148605,169.97558160191744,0.6806201240734531,0.7948624350663014,1.147566350651871,1.9486790198427706,0.7499999999999999,0
f4df65bf9096935519dce594c9eff05d,VAR,0,21.68185227489837,150.94236860173183,0.46444468085805185,0.5639457462447461,1.258436781468946,1.0306998006896737,0.6833333333333333,0
4dac8993a42267154fab9c105332f0f9,SectionalMotif,0,21.71567068385902,157.60958407479777,0.6919602283593587,0.8164784573596728,1.2260777598135921,1.9278603529567735,0.7499999999999999,0
9db8c169b3a5db578981af2bafcf857d,MetricMotif,0,21.732294188173693,155.16049282690523,0.7708361256584982,0.8674249774027549,1.0957385723210753,2.554024726607633,0.7166666666666666,0
7d2471aec4c6edf7f6f43f87a91d3dc2,Ensemble,1,21.73588105146865,136.71670908166556,0.7645071953476718,0.9049421210857533,1.0100873443874172,1.784606806460037,0.6833333333333333,0
ae70f31b11822c63d1a29ce10656d053,Ensemble,1,21.73588105146865,136.71670908166556,0.7645071953476718,0.9049421210857533,1.0100873443874172,1.784606806460037,0.6833333333333333,0
2821e5ad4389ab5097adfaa2278492f9,ARDL,0,21.748571278558856,141.26153275431705,0.7274936219559062,0.9180999351643624,1.3346111614523053,1.8339454488455893,0.6666666666666667,0
38b638dc7b7ae50a3380788558c42b65,DatepartRegression,0,21.75966220426267,170.5035079976904,0.6882358810920125,0.8040825803646318,1.1871901658293502,1.9602842131781355,0.7499999999999999,0
fe625b8ea4c59cd56e058711cdf9b3c0,Ensemble,1,21.786907788218425,133.0967094741999,0.7694724825835119,0.9103572326950232,0.9615633772958461,1.9756923762182783,0.7333333333333333,0
aafc252c94efb097ca39b878a854657f,Cassandra,0,21.803396446086907,136.12423475017067,0.7204534489340927,0.8967125741019005,1.3990916198799008,1.7744825482593989,0.6833333333333333,0
116c4b2ce0532b568dea0b8e0146ec2b,ARCH,0,21.84549217042803,200.0,0.4336184454002347,0.5350248986124171,1.0412803818989569,1.0632379934162768,0.7666666666666666,0
471a72941ced2d5086031b92a52c04ce,SeasonalNaive,0,21.847885044775246,151.12008523933372,0.5438629261220769,0.6968475717237286,1.2274028962926977,1.3564994762248803,0.6833333333333333,0
1e96926d1505e80f84cd4cf025a767e4,DatepartRegression,0,21.853699738619408,150.1238455135696,0.7476354186800125,0.8610506036915266,1.1095530382043701,2.135464760803531,0.5833333333333334,0
0006b2fb2f16c157602f9b005cfcb417,MetricMotif,0,21.85941459036709,164.8331975765372,0.44013739556994363,0.5475751596545726,1.0289336510118068,1.0945732128393477,0.7833333333333333,0
663c91ff60436bc9a9bba89421482cfa,MetricMotif,0,21.866665765894847,150.51384175563936,0.4973438453355641,0.5901982778079383,1.0077436462249088,1.4764330484355082,0.7166666666666666,0
c2a38cbda51ccd8ea5770c259faa3423,VAR,0,21.879808482021577,161.92542501180876,0.6528801508399369,0.7436538414589796,1.1179534771710236,1.886701560321279,0.7499999999999999,0
75d3afa174b0013f370e92177b43ed41,Cassandra,0,21.891753105133994,140.10337235518173,0.5264814224235395,0.6447716753548812,1.069634602387356,1.3613560440639743,0.8166666666666667,0
71e9a0dd1d16a95f38dda12da4dff0aa,Cassandra,0,21.918125165523087,153.99137019823849,0.6138234482570144,0.716489622382712,1.0530826524653258,1.9161980949346742,0.65,0
19624a7da9886b85c697f1aab439a31e,SectionalMotif,0,21.93185617134086,176.07966859632037,0.4567486139045777,0.5653448756687357,1.0481443107053559,1.0636769910654011,0.6833333333333333,0
5cdbcdcadfaa21e197c9b34ec1ee8dec,GLS,0,21.942610820757228,194.54971643807315,0.4340530982850373,0.5358745371362004,1.0422425593414677,1.0633322073558396,0.7666666666666666,0
b46f7bd1ae9ef700cb7cccba999c7501,MetricMotif,0,21.99015676423231,161.45022435613714,0.4400706302721288,0.524055084523267,1.094286084372316,0.9898510381978095,0.7833333333333333,0
45bbd0aaf40eaf8a15bf4a63f054b169,GLS,0,21.992280771832434,191.7039008522175,0.43353878330219564,0.5352649996326442,1.0414410013148647,1.0616425953239945,0.7666666666666666,0
a3f299f38f70f0515deb200956b0f588,ARCH,0,22.00679210820149,152.24977282079936,0.6075405575076958,0.7122983775596826,1.0654154203376511,1.9503543763546518,0.21666666666666665,0
f8ba91fc7df2b8fbec61da400a512db7,SectionalMotif,0,22.019608524331616,158.6516380737316,0.692153230842201,0.8294744371001841,1.171058481021801,1.9633802872835673,0.8,0
465d271ad350dec1d7bfc711daced4a9,MetricMotif,0,22.05154460231498,165.9330161654437,0.7298690023304941,0.8472654217089456,1.2336480167285493,2.108389504551079,0.7499999999999999,0
568641043f87bea54595ebe781306758,VAR,0,22.088511745327345,164.11040753106454,0.4263431684030693,0.5348671432553236,1.0427051272174386,1.0561474802845403,0.7666666666666666,0
bb2a58b01a02b0080604b8a3bc7a141a,ARDL,0,22.09095762516871,147.0547966019763,0.7640224716802165,0.8722566046767621,1.0125185376358887,1.9740154963502445,0.65,0
38e4aad7d43c038230a0b94d7bef9bdc,RRVAR,0,22.104644437951343,156.88684377815548,0.4975895375821112,0.5988031975681276,1.0448767496038283,1.4007991840908127,0.7666666666666666,0
64f18ef9a4b0ad0b9075a78e1a68da45,SectionalMotif,0,22.129510368173573,156.51337562111402,0.6895687383652108,0.823768902327064,1.1559722726168342,1.925192916186259,0.7333333333333333,0
3c26f01df89dfb886fb859344251a260,AverageValueNaive,0,22.174196750565123,150.59235274007003,0.6105002692111166,0.716150762757197,1.0657646945794785,1.9786629730330092,0.5333333333333333,0
2d2bc8ae9d9cf183133180dbdf1f9e42,SectionalMotif,0,22.176977862119447,159.06072925684637,0.7207805970633856,0.839689636501595,1.174153120927183,2.0497144307644066,0.6833333333333333,0
b837b23facf84ee8050b9f33068ef988,DatepartRegression,0,22.20083687651381,143.57615658764794,0.7258097513433991,0.9120047344191086,1.5400865592373072,1.9165556303410927,0.6333333333333334,0
65d19080d0db47e8f236a514c9f9695e,BallTreeRegressionMotif,0,22.2129447078786,156.14343512735863,0.425907288319331,0.5351500628469396,1.0525482961590389,1.0914138524224613,0.7666666666666666,0
dd928590d554f8c50924ce8f5d7de020,VAR,0,22.227842377421393,162.2796180334097,0.4837344026523341,0.6032477744994751,1.3844969984471902,0.8903878198747934,0.7,0
c8b8a03b1d2adc1efdf1967cff88c892,DMD,0,22.228456616745422,166.16908741076543,0.7241717602959927,0.8548513865119347,1.228717257514382,2.1835007289934176,0.7499999999999999,0
c4f0cb3b30f3a71db0307475ab942e15,FFT,0,22.23998590142342,131.88943217069644,0.6065337567033902,0.7329511098199909,1.5716764824147786,1.2107349664099136,0.6833333333333333,0
ffc8fc55c89f10beac733cb2f7bc9c9f,DMD,0,22.259788489614703,160.67745821470277,0.7270554840078678,0.861033725640549,1.1670328103373797,2.250052851540927,0.7499999999999999,0
41abfd1c5369f712e752114a11a2b418,DatepartRegression,0,22.260523672355365,144.4490629078793,0.7382348743108409,0.9126518646078484,1.454756910079075,1.792136986555257,0.7,0
53ae162679c16a40d39ed7af5f64f61d,BallTreeRegressionMotif,0,22.268375085696167,172.78306366445003,0.72097600855802,0.8275565496624081,1.1993042786805412,1.9529997314334406,0.7166666666666666,0
2fc47e57c1a649624bf10049c38111f4,AverageValueNaive,0,22.282623885550866,197.21731731163783,0.4337162575668535,0.5352677266667476,1.0415435689885828,1.0647900987895644,0.7666666666666666,0
bfefb277b840e529c2e7f8020624c53d,UnivariateMotif,0,22.29739905806563,147.70471607381927,0.7553047476792917,0.8536281285594945,1.1590986199587685,1.9826962054744963,0.7333333333333333,0
acfb0a9a4ff60d7482d8446825296796,MetricMotif,0,22.327902650816323,128.7913345398052,0.5783913080684387,0.7099937430413895,1.0349259995491704,1.7755764868893125,0.7,0
0713c03ebda04b46589e29426579fa31,DMD,0,22.352056428294436,135.17078704920644,0.5414289397376056,0.6545259663636344,1.1178712822244843,1.9676515445340221,0.6833333333333333,0
11840b299a3667f7bef2bdb8abc1cdda,AverageValueNaive,0,22.364624734202067,191.82310032702136,0.4337730985128202,0.5350298453850704,1.0392266102944923,1.057179404149737,0.7666666666666666,0
892f65571484c7551e2b51c4e0ec7862,SeasonalNaive,0,22.37898266509345,136.03488733030764,0.6832244740742204,0.8045995471726318,1.103971408404986,2.1409014794205774,0.6166666666666666,0
27a55e1817e493aa8a22fbe67328ac6c,BallTreeRegressionMotif,0,22.400722433271415,161.8123897296437,0.4354638802053543,0.5401337669903525,1.0639724703798064,1.1555831587605023,0.8333333333333334,0
6c2c96cba551ca0b330b127b41abb5b2,AverageValueNaive,0,22.413219980466838,180.56996264184573,0.5130758062723585,0.6405723467578901,1.1126131316231418,1.2806106338588614,0.7333333333333333,0
0cf2dea92fd1784f18ffbf2e84eefdcb,SeasonalNaive,0,22.453804986411935,136.87207196974742,0.5908646522561765,0.7333921082782128,1.3305563270204819,1.1811983873429126,0.6,0
587ac07336040213a6af2c1e2661549f,LastValueNaive,0,22.51259011130196,141.58091239604465,0.617596060066087,0.7375988656448422,1.0627324041941222,2.208491372272776,0.39999999999999997,0
f6953238a46fd27babca3deb7194c895,FFT,0,22.514692380091066,194.09588989504422,0.43437090045168925,0.5359050746087848,1.0409677111551476,1.066641204582523,0.7666666666666666,0
a75647fd7933a9a09bebfeeeab2604c3,LastValueNaive,0,22.533375213070205,153.02031727658317,0.8032593206953511,0.9129816146838143,1.094579237096454,2.262522657107563,0.6333333333333333,0
88729c5f8d1f3cc3a391f14185570559,AverageValueNaive,0,22.539905176174383,152.08321755930479,0.6075884050168706,0.7124273767037457,1.065415130430951,1.9536001596330792,0.4,0
391d52c292a08811d3660e572493b838,MetricMotif,0,22.540693407270613,143.93719452399165,0.43691103318526914,0.5417937790534715,1.0026858046860885,1.0276275262100774,0.75,0
272462861621ac647e66179f003e42ff,Cassandra,0,22.542896696878177,135.77161153728963,0.682936986093407,0.7822076600698341,0.9260490484840516,1.1935920528371673,0.6333333333333333,0
bf19d87830c9509a57a0f5bef8f4e536,Ensemble,1,22.584501705788842,134.7101431641842,0.806407317348474,0.9337443866808322,1.0517973234180429,2.0167005722723377,0.6666666666666667,0
84a1dd2e27ea53ed61c3a9710c4060a6,SeasonalNaive,0,22.58792977126107,157.29111049699262,0.5413847239077775,0.6885071761250302,1.2131866287257231,1.5169471738732583,0.6833333333333333,0
2f1b413bb60b9a9ea0dc5e19000a00d0,LastValueNaive,0,22.606749469097572,134.20868144763546,0.4990970511554494,0.6103005238134476,1.0681952184890569,1.4400678056487564,0.7,0
e0f5a9a4067f20d67e87f012a27fcbe4,ARCH,0,22.609547450935832,168.24381606870938,0.4309593564731603,0.534082893821822,1.0391519937525202,1.0534889005803947,0.7666666666666666,0
f17e8f98ad5628fadac644ff61e83146,SeasonalityMotif,0,22.60989240795609,178.3792987661638,0.42638277346837183,0.5284431882227291,1.0395536009455155,1.0503077546525093,0.8,0
f5144e3490bc71518f93eaa257efdea4,SeasonalNaive,0,22.61081187367073,137.29637588101383,0.5979253527615767,0.7191907718854557,1.0900808897172767,1.9342809467829425,0.6833333333333333,0
5ce0ab4e8cd987ab6af988b02762ddde,SeasonalityMotif,0,22.66609167229094,141.1031631934071,0.7581952876728695,0.952758905411087,1.060598169751564,2.376950201480294,0.6833333333333333,0
acb453e59d84e5cc07ebeebeb1baa2f4,SeasonalityMotif,0,22.69938012624193,156.2227217841677,0.46025899491074423,0.5637983613576335,1.0515668978148338,1.274819108577158,0.8,0
a7a9d6571a4d0834843a169852a64c3d,VAR,0,22.74193231257344,176.7213098357863,0.4453428371692162,0.5470639767432022,1.032314043708364,1.105171444977776,0.7666666666666666,0
d0ad10126358751ce5cbf3513939097c,Ensemble,1,22.742632889645606,141.03848058368072,0.7675813592366807,0.9028642668629642,1.1140061121334583,1.8526274541595895,0.65,0
adb5fd48cea2d3a96934bbb4fcc3cd90,MetricMotif,0,22.746189366471967,162.52524950311835,0.7121413851678835,0.8295825040629998,1.253884700311493,2.063786658773339,0.7333333333333333,0
f00e85db60cd65dab6f0ee72809242e9,SectionalMotif,0,22.802299910555455,151.45433716284955,0.4363889179667054,0.5496830388364111,1.0308119006215244,1.0941752285837592,0.8166666666666667,0
28362c97133c066e6d6326addd29843e,VAR,0,22.808883788625298,155.2684268125796,0.4562876214531418,0.5706187744032942,1.2975033857720546,0.8306622162218084,0.7166666666666667,0
6f4a5c6a03d5ce725dd94ebdd671f738,SeasonalityMotif,0,22.870556209733284,191.7640742106251,0.43364519202799234,0.5352092744796619,1.0404733282315692,1.071716197247811,0.7666666666666666,0
28230e607da387218424477dcd06b3d2,WindowRegression,0,22.88760288941867,189.00398778743903,0.4332120980105641,0.5361178803719423,1.039431871314504,1.0669060568634199,0.7666666666666666,0
b0350cd5264620b0e48acf96d60e7fdb,MetricMotif,0,22.891507547519048,176.1968782710752,0.7233564832453782,0.8280203535635803,1.2582039760860109,2.117397269076777,0.7666666666666666,0
e3e50e0eac1c65b08198af663e087c1b,BallTreeRegressionMotif,0,22.911405075449686,167.36068140975016,0.4380849662839291,0.5388308105497341,1.0569963009211045,1.0948368104199515,0.8,0
07b749c1fd14fce111d41f4b5a25d85c,VAR,0,22.930773824731833,155.20922463097557,0.45680038238443704,0.5713776908708087,1.313242398140002,0.8264688369817457,0.7166666666666667,0
7a9b1c0970b6d2dd8568e6abee8c5880,GLS,0,22.95147931691323,171.40537041393904,0.4331378994643028,0.5342667795151594,1.0395132860462373,1.0535110796720428,0.7666666666666666,0
a5a610f1de87449ee38edebe0a0df863,SeasonalityMotif,0,23.01759379664585,146.26933928573712,0.5936322453327654,0.7210764351797898,1.10794433334078,1.1400726366144285,0.7,0
be6d15f3496d66699943384531e7b35b,AverageValueNaive,0,23.031488010740027,167.5586397731332,0.43301746125400553,0.5346427630673124,1.0385810070779244,1.053505756460485,0.7666666666666666,0
385785972bac22029033e70fca1bf6fc,AverageValueNaive,0,23.03337647046205,167.49728127019245,0.4439757745924292,0.5473255175418595,1.0421986653330595,1.1326773673263533,0.7666666666666666,0
6a01a2fb7a55af9cd38add462985061c,SeasonalityMotif,0,23.039733754196817,178.37091997781664,0.43374986220286516,0.5339545315484668,1.0505581604781913,1.1109751050930243,0.7666666666666666,0
8e243733c91199601072a6a324426c4d,Ensemble,1,23.087820778810592,157.32821721155764,0.7805553644591543,0.8830655129355792,1.1119528840518427,2.8083066758601087,0.6333333333333333,0
68b5ad841f921614cbb25464870ae5c8,Ensemble,1,23.087820778810592,157.32821721155764,0.7805553644591543,0.8830655129355792,1.1119528840518427,2.8083066758601087,0.6333333333333333,0
9e58b296beea48b616f01d2e69575b2a,BasicLinearModel,0,23.111776346288273,188.66709584251433,0.4326509739789371,0.5350142026616491,1.0375784331030018,1.0563613202294002,0.7666666666666666,0
465dba1ae400c7a15c76692ae380939e,Cassandra,0,23.12716014934594,140.32321784229075,0.7713182403767582,0.8869387910911568,0.9570871923393692,3.223208178042667,0.7666666666666666,0
0accefc7f3caf3c3d655387bb3aa4a3a,Cassandra,0,23.13695574946194,146.6267711693152,0.713938692481326,0.8628480097095865,1.1494217959368096,1.9363374953609245,0.6333333333333333,0
56363f52a86ff73ae071ef3e310abe86,BallTreeRegressionMotif,0,23.178680021522837,136.69897244494695,0.8618885794764368,0.9800069421719602,1.1090254019588774,2.802406892873062,0.6333333333333333,0
9b2c946f1225e43e9328a9b4e0afc346,AverageValueNaive,0,23.18937552343705,163.82452852524835,0.7491202390619562,0.8876255035389683,1.1975348611314331,2.249791329469825,0.7499999999999999,0
64c006d89febf21e46cee61005ae853e,AverageValueNaive,0,23.18965717768127,163.82452852524835,0.7491202390619562,0.8876255035389683,1.1975348611314331,2.249791329469825,0.7499999999999999,0
be58aa4d0ff517c513eb1834e6922326,SectionalMotif,0,23.190937994918638,164.84739567907303,0.7648370540488979,0.8762513520674275,1.2409515865737621,2.1300373507320436,0.7499999999999999,0
a2cc3adc90c3f140b750815573b9709e,GLS,0,23.217449820263717,150.0324452499077,0.7258477125622007,0.8556770691410884,1.2720009279388766,1.7226348244297867,0.7499999999999999,0
1c61bdd28c76b3949b94c49be3f8fbb4,SeasonalityMotif,0,23.234052828799904,172.59983171560333,0.4368856844181831,0.5388958255439129,1.0429148972471713,1.1101529673666988,0.7833333333333333,0
390fcda6e3a130353d2e6030869ef44c,BallTreeRegressionMotif,0,23.274883848665407,150.46441653447602,0.7207495886215922,0.834865153640053,1.143163428582557,2.918373305198044,0.4,0
2ae851216d7133d87d44b32e6636103d,LastValueNaive,0,23.295966633867536,143.32488493365778,0.7871297518903042,0.9840977474945894,1.5912082662927731,2.0666123278474378,0.5666666666666667,0
552a3f776990633d3c182d5cb53e834c,LastValueNaive,0,23.301693322960766,143.32488493365778,0.7871297518903042,0.9840977474945894,1.5912082662927731,2.0666123278474378,0.5666666666666667,0
0f3ffb45e253fce6c6d2024282a28185,FFT,0,23.338509193645102,158.66836749186035,0.46000298912419,0.5685286500789196,1.0433503533235073,1.171556506574125,0.7666666666666666,0
a35dbed516ef2a04e5062f6e9367186e,ARDL,0,23.369045028306402,173.88377891770963,0.4459629640216833,0.5470010750082783,1.0385979249758608,1.1163839220587304,0.7666666666666666,0
084bff54b0e951ed039d3cd4f11c7b37,ARDL,0,23.400451527724805,187.01865743452703,0.434638083556783,0.5358581266071942,1.0373676703417638,1.052779344263775,0.7666666666666666,0
31c6d7dd650ea2f5f981daec30c7d63a,AverageValueNaive,0,23.416309810380753,152.25598290440814,0.6075120581695103,0.712266907980069,1.0654175557891046,1.950186796802273,0.0,0
00ad0caae4caf64e672aaa9ee016c213,BallTreeRegressionMotif,0,23.496669167830458,182.34651115755577,0.4328965562208939,0.5379502229518647,1.042459081882285,1.0560610770028354,0.7666666666666666,0
c0a92a62447f04d9a59c14d588463d14,DMD,0,23.496767688151177,189.38642780222796,0.4413030284146683,0.5384576648502144,1.0454753574778075,1.0772046820345096,0.7666666666666666,0
7ba47eaec319aeacc7f00f04bcaf7af5,MetricMotif,0,23.516497442090206,161.1931768243221,0.8503970952718205,1.0511587133977094,1.726044898894413,1.7510275080917956,0.7500000000000001,0
0d23b951c25b09bb5412a92d9082961a,Cassandra,0,23.521181961726114,162.03693170615472,0.7385173248418817,0.873909108967769,1.1861353102549577,2.2066653581926796,0.7499999999999999,0
afab0a49c96473acc1b6f4fa18992fd9,FFT,0,23.53519002273217,143.97730225597925,0.79523234469962,0.9097902966372935,1.127838610064995,2.310923354715585,0.6333333333333333,0
c143c81da0ec65ab1c5afb4e093a85f0,Ensemble,1,23.540055100374357,180.30827489072166,0.747697133618433,0.8739447087339393,1.211671330980942,1.7932693519437035,0.7499999999999999,0
1bf86c3ce06aeae76709e7ed775ba7b7,SeasonalityMotif,0,23.558551843200412,176.68558181689616,0.4408799577169498,0.5434432751931965,1.0375876297401507,1.0994801185159677,0.7666666666666666,0
818d4af3c4bb0dbf3cde26c226e31ee7,BallTreeRegressionMotif,0,23.567254352405723,151.70171872937323,0.4434973963860614,0.5568609175435879,1.0430367782380725,1.143616559359125,0.8,0
10a88a1a44a66dc6a72b057585d448fc,MetricMotif,0,23.568754080013047,141.5993975770553,0.4284998211820502,0.5270488442067482,1.0047441823115635,0.9091521264055995,0.75,0
8dba9b1b5cd60f6f7633056a3ecbe23f,LastValueNaive,0,23.57291003806761,151.59450610270744,0.8102841739488337,0.9190620001635461,1.1021546477234687,2.294224910330644,0.6333333333333333,0
dd1b0a6fd7e041d24891aa41e2d518b0,DatepartRegression,0,23.663504127154816,163.8082656130563,0.4169571912735036,0.5222424788738576,0.9976739578454323,1.0122717995605222,0.8,0
dd418cf86381a562a56b4d863f624973,GLS,0,23.684294977746514,152.4587047039875,0.6111704457627185,0.7156787753673527,1.065194661489767,1.966191527201208,0.16666666666666669,0
42f8176395a982c903d858bc5a5f2977,Cassandra,0,23.689441922805322,173.32443834840052,0.6833800357606663,0.8061763996638114,1.2358063723389967,1.7834394688463544,0.7499999999999999,0
d37594d4d99b264925ff2928f187c290,Ensemble,1,23.693976934587106,157.34472629781803,0.801766324568794,0.9037967259821388,1.1282777600909655,2.942454005758036,0.6333333333333333,0
65217e4adf9c6bf7026308067f54a1cf,ConstantNaive,0,23.706088898816176,180.3689731356705,0.43465775921445327,0.5369759360258681,1.0615371957920217,1.0882454378199886,0.8,0
117d17e4cdb69021aa7949aa6fd31768,VAR,0,23.710805981035538,188.932207968874,0.43477439006529944,0.5355818404968911,1.0417292100712838,1.0617028673413305,0.7666666666666666,0
8cb208cc0b57679c2e4092d6e995e8c3,LastValueNaive,0,23.72787270265358,149.06226057897865,0.799799108193176,0.9055320350539361,1.1052080460540927,2.17446061053764,0.6333333333333333,0
3f2b73cccd3aa000f2ce373089996f65,BallTreeRegressionMotif,0,23.73347429757665,149.31950458626153,0.4389347609025419,0.5491967020672914,1.0375498334384463,1.1763144925594122,0.8166666666666667,0
7604a01ce90534a9a93bdaf401a7a17b,Ensemble,1,23.7496598238643,170.6483116539006,0.7318778390118352,0.8567496240211222,1.2216324043200448,1.8598511471743806,0.7499999999999999,0
ee4bebcd78edb636f1c0be798186d996,Cassandra,0,23.773201512275797,161.31263896992184,0.7043213340607936,0.8322191126651692,1.2154490480268625,1.9031407858310125,0.7499999999999999,0
acac9087398ddf86459a76dc88b5e22b,MetricMotif,0,23.851698588929032,142.27143976718875,0.44723549129426765,0.5588449136789232,1.1236456385643738,0.8705602536105573,0.7666666666666666,0
c1789be67021ea92087014b880565de5,GLS,0,23.859194149580524,176.1797077246628,0.78232651384517,0.8961165802256372,1.0930185633424456,2.959852353318066,0.6333333333333333,0
d6096a0a71b46b84e909e0ff309b17a3,BallTreeRegressionMotif,0,23.940202283076054,127.54791411362316,0.8105284004606503,0.9567909674793722,1.0976151491853998,2.722693378355615,0.7,0
5c91b7bf2af176be0e610c18981bf0f9,Cassandra,0,23.983251961203628,151.03170675806567,0.7501464331068142,0.9193322810699683,1.4936103726301808,1.9126026576635227,0.6666666666666667,0
69a3a8c50097030555fa1d648b12d743,VAR,0,24.026864930125978,146.2341443503968,0.49984076355387624,0.633531090249895,1.1110928591081266,0.9301631873046137,0.7166666666666667,0
356400710a6116258f8887404444a872,Ensemble,1,24.04375334490987,177.63367098699314,0.7174387644637742,0.8401515583119853,1.2284620770387833,1.9023053248934012,0.7499999999999999,0
da3dfe49308e29c8e46bfef9ada290d4,FFT,0,24.058039819067947,135.82381882248998,0.6784547267561019,0.8100202900716234,1.6331454520854627,1.193138640966602,0.6,0
31e17d99cc212872817e7f3bc8c0bb05,ARDL,0,24.06355717906822,154.39148019592784,0.4650332614343915,0.578866913417858,1.2626705408630252,0.8849665992945559,0.6833333333333333,0
4c5704160e916dd29bc1c6e8be547e5f,ARDL,0,24.065136936666583,154.69566139779266,0.4676519037391513,0.5848765732196559,1.2664364035973332,0.9252882038971979,0.7,0
ad2d7c82fa50208f04dd8a5961c763cf,SeasonalityMotif,0,24.099718875626923,198.79595711871826,0.43362769315993266,0.5350643071994208,1.041392947340086,1.0627818768017336,0.7666666666666666,0
27d007901d80ed7cb3de5e7aacf238e0,FFT,0,24.13069889315532,129.95920374725497,0.6877853124332345,0.8682084360570392,1.6214974507064432,2.2723646166041687,0.6666666666666667,0
b5e28aaf9d74dfb1ae4c887b220f41ef,FFT,0,24.14906840256502,154.62751797877132,0.8376924169116841,0.9407900744920816,1.1045474014046042,2.317887342416978,0.6333333333333333,0
4cf6ef17ecf1065a6a788d72d2104d52,MetricMotif,0,24.18586710415049,147.2381281371883,0.601913669157929,0.7118383462879716,1.4385967774288733,1.5343138193720194,0.6666666666666666,0
30b3439115e5b92237d9fc590c29d25c,ETS,0,24.194886952184497,196.1212974827714,0.43287595507884946,0.5343665060242189,1.0414612683743842,1.0613115368727974,0.7666666666666666,0
8a90da1dbe3eb8d27caeeab9a94b6b90,Ensemble,1,24.204028645298507,152.9547787063367,0.8358305058466037,0.9366763086910639,1.1246935348778089,3.1053019699467526,0.6333333333333333,0
0a78dbd4cce5b8689758afb6a54611bc,Ensemble,1,24.213667199982243,159.3672203402058,0.8238624399883602,0.9246162846320474,1.1247488646082768,3.0927422648864513,0.6333333333333333,0
89bd02ba96af1a1b732268613d3953b1,Cassandra,0,24.246195915366542,152.446714871568,0.4813590495506742,0.5993023170321812,1.1328625426686718,1.0964326354961818,0.6166666666666667,0
0d9fe5ee89ab19faaee75e3341f350dd,Ensemble,1,24.2639044572374,169.90704625894722,0.7308275170383732,0.8571374995772038,1.2243679220008605,1.8958027825702726,0.7499999999999999,0
ff3f831b3b3a25a756e6dae5d1401f60,ARCH,0,24.26593991477957,152.25598290440814,0.6075120581695103,0.712266907980069,1.0654175557891046,1.950186796802273,0.0,0
12d28b388cc2ce875ae5a384917ebb44,MetricMotif,0,24.28023132134406,153.70884040555035,0.8049636547910358,0.9068574212040561,1.102444775958949,2.770671811172212,0.6333333333333333,0
d1c055c4232ae7354f8dd28669e8c640,GLS,0,24.281219040466198,156.5705503003883,0.7956824467745301,0.9755713831484536,1.5420622968490298,2.0537125479469682,0.5333333333333334,0
ff2fcf4d86eeb8e226c3ff39969049bd,DMD,0,24.29644187435661,157.81535169974552,0.8418757140631712,0.9451383165975347,1.1039673198265225,2.3144777841326434,0.6333333333333333,0
2d3fb8384e243ac28d8a9d6aeddddbe8,WindowRegression,0,24.30195888292381,192.58283653659038,0.4348064531918093,0.5367715769620445,1.0362197635736785,1.0599614705825182,0.7666666666666666,0
3fad69280e3319f521af49f4fea86b43,MetricMotif,0,24.30764949064095,151.51515315525896,0.5185224455141857,0.6271153745832752,1.071319927893168,1.7002857741541242,0.7333333333333333,0
2a3142e8951f31edd5e09d81e3920ef9,Cassandra,0,24.310078213249675,150.17139025948555,0.819855855994857,1.0137439365771441,1.6308001673061294,1.971456457169514,0.6666666666666667,0
fb9150665fd43b253398b90c9fcfe9c2,SectionalMotif,0,24.31488906503173,196.71355695719936,0.43388551416188986,0.5352206892109642,1.04120887182124,1.0643758130553145,0.7666666666666666,0
f4c57c101cf80ba7f941fe7419924748,UnivariateMotif,0,24.354225328601633,147.04548095333655,0.7475831279459303,0.893224126449532,1.1983531708218786,2.7848052759319386,0.5,0
3432c00999c3d00c10dc786716f971ee,UnivariateMotif,0,24.426715560896117,148.49881897733826,0.43538027833586534,0.5223657205719647,1.0712266152874728,1.0647695880829378,0.7666666666666668,0
139b00cbab5f7f9853e3397c655bcef1,AverageValueNaive,0,24.457236826405794,167.9701137680924,0.4296809155272891,0.5331064911097437,1.0425620585931372,1.0532152432263429,0.7666666666666666,0
d3f7bf2fcb4db62b60e73bb176a70185,Ensemble,1,24.491526360482563,156.5258686033325,0.8363412772660371,0.9350348634705838,1.1314727348439835,3.0950344829411236,0.6333333333333333,0
231f4d2c215c933fd3fdbf0489618407,ConstantNaive,0,24.49584589503303,198.77775526097872,0.4338564207901031,0.5352078817417502,1.0414298896011356,1.0641190920910215,0.7666666666666666,0
e6cb60966b54addbca4ffd83f133f0e4,GLM,0,24.497094007888286,198.7124599974797,0.4338106018546992,0.535204726495974,1.0413761998901718,1.064719797383506,0.7666666666666666,0
4e0f6fa6a9f4452721055ae1a8ab74d3,UnivariateMotif,0,24.517642392768963,198.61461977868223,0.44028511206690146,0.5401179232345472,1.044596177595776,1.0965713267496102,0.7666666666666666,0
84471e29247f09d47cca10b37791006a,Cassandra,0,24.52721584367576,151.5436416356775,0.7978618701557358,1.0000651455861647,1.5404957228560412,1.8474240718780528,0.6666666666666667,0
0817040bbb729bb0b2c1ebe06c30ef3f,FFT,0,24.556874843242795,200.0,0.4336184454002347,0.5350248986124171,1.0412803818989569,1.0632379934162768,0.7666666666666666,0
d509f8b75657f4b78c63e9d87432a8cf,BallTreeRegressionMotif,0,24.556874843242795,200.0,0.4336184454002347,0.5350248986124171,1.0412803818989569,1.0632379934162768,0.7666666666666666,0
1d205da1de753e195c41ff4a718c2ba9,SeasonalityMotif,0,24.6125811959923,137.32937806707704,0.8257745294227498,0.9916553649295976,1.0096267973607085,2.6427148704111314,0.6666666666666666,0
0a9fdea18179037a4ac6e78bffa35b1a,UnivariateMotif,0,24.615368058724204,140.7771641801139,0.6657476681581268,0.8108169210792386,1.308173775424686,1.9151443339625733,0.5333333333333333,0
ae4f806437c737e88632ad1fa93c68d5,AverageValueNaive,0,24.64157676035201,152.22338304253958,0.6182634397111715,0.721312524017949,1.0645726065787202,1.9910445265422747,0.2333333333333333,0
a022da403e5b2faf882601ff831c09ff,UnivariateMotif,0,24.70147429639905,200.0,0.4336184454002347,0.5350248986124171,1.0412803818989569,1.0632379934162768,0.7666666666666666,0
e22129a83106bf9187d0b95d102abbe2,LastValueNaive,0,24.717305514053376,157.72586844502388,0.8632679704985954,0.9650248566178241,1.1068113931235999,2.345101921177052,0.6333333333333333,0
73a96fdc508f479f320d88e7077cd564,FFT,0,24.730227276248534,138.51941040422338,0.904690685303879,1.0203219929547,1.1103140131611307,2.948078405056378,0.6333333333333333,0
e79b2f67488d75206064a3d67e9eff7e,MetricMotif,0,24.74392339348179,146.52218299046817,0.9773137042896378,1.1286604611025794,1.2404342331911649,3.0934016121303975,0.6333333333333333,0
89d4b10a422afcc7a53f1a7ced918990,UnivariateMotif,0,24.760104769955245,159.87045965558977,0.4834360544382174,0.5860080264233068,1.0400708132348404,1.319512177737009,0.7666666666666666,0
ef4434b41349ec8d06c0f3d35a09be48,Cassandra,0,24.773125455543106,148.18572127832078,0.8139429344922936,1.0173213752950776,1.6957619578411625,2.1305462082650632,0.65,0
04b247e868cdf052e5d7531624684311,Cassandra,0,24.829818584475582,145.9145651390935,0.8627346221061163,1.0297252390665952,1.4321881364528672,2.270075640071328,0.6,0
2ef21714c7dab4ec546e303c0ce7a5b1,Ensemble,1,24.831684193435716,128.42476078092966,0.5915945109583473,0.701574844605787,0.9796414042515995,1.7466743243193323,0.7,0
e74c305319151945d93eb536634d10d0,ARDL,0,24.93747149368619,172.7597731817046,0.4896687352741374,0.614804538859453,1.0377285964972833,1.338498002174247,0.8333333333333334,0
feab1b4c9aaceb5d00c2555ab19ee19d,DatepartRegression,0,24.958441908646336,152.25598290440814,0.6075120581695103,0.712266907980069,1.0654175557891046,1.950186796802273,0.016666666666666666,0
8696b10a9cbfbe89963a2ed0397b5504,SeasonalNaive,0,25.09336489533784,178.7838142761989,0.4419619373568146,0.5403643498385039,1.046614577811225,1.0713854351090155,0.7666666666666666,0
26455b294f58638c4fca9a0ee71be20b,Ensemble,1,25.150236599171542,165.31974671722642,0.8748422367178914,0.976187789557778,1.1176735146387664,3.411153447601188,0.6333333333333333,0
c9fb22ac09d1bad84b53265dd86beabb,SeasonalityMotif,0,25.19034469910162,137.83401002590074,0.7417286606216106,0.8639032378740537,1.156664012225618,3.2585584900820677,0.5666666666666667,0
e03e15cc742add4503b6600edd8a4ac8,ARDL,0,25.239716545926008,165.31647341861068,0.8899399501956415,0.9688247249647294,1.0028077645218771,3.1092385519193972,0.4666666666666667,0
8d5f3535e2bdb875bcd85150a181e3d4,BallTreeRegressionMotif,0,25.328231209031944,124.58734930505886,0.44617936218135135,0.5785477987465351,1.623797563420434,0.8535613579507189,0.7166666666666667,0
e25f0591b507a9ad09fd13bb142a47ba,SeasonalNaive,0,25.33924443538412,139.54105324920306,0.7229939808179051,0.9100124868584663,1.5716551725934218,1.722535376822187,0.6166666666666667,0
e6c5507933a27f5b4ef1ed0bd5a4cef4,VAR,0,25.348785183238554,157.43328555040756,0.689531364806377,0.8438736007540524,1.1853885400241593,2.054763036011481,0.7166666666666666,0
3a19d843c0896caad4205f8fbacd7437,MetricMotif,0,25.393102674675696,148.66561553317632,0.4441065822941773,0.55100071025263,1.041850681489309,0.9486926031383727,0.8166666666666667,0
8a247c692009f626347260b482181efc,AverageValueNaive,0,25.403938364506136,156.59238958040856,0.8482569956334011,0.9512395071438655,1.104606868995345,2.324547137141321,0.6333333333333333,0
7d6de14dff8139082429ff6442649577,SectionalMotif,0,25.466294431551503,133.66254486922634,0.6316404271828204,0.7606046498746613,1.402875447227276,1.312845205479397,0.6666666666666666,0
001d592274fa2e7bbba2388aa6f0ed71,UnivariateMotif,0,25.496876651548526,140.12163725989737,0.49910998246876126,0.6332075290151453,1.0632835792555924,1.1671488909601253,0.6,0
52139adee91328cd2f716030842563b7,ARCH,0,25.52493334492044,183.1083685510539,0.45348640429286774,0.5610994041174566,1.0407571836711285,1.1363651787386997,0.7666666666666666,0
95fca3fda86d577beba138a60d7675a5,SectionalMotif,0,25.58758213564722,141.27590585288513,0.9357146701676209,1.047757755089274,1.185427518297123,2.992447958962193,0.6333333333333333,0
32068365ec7a6d77703996c36c4cbcd6,DatepartRegression,0,25.60904744555281,133.5102457693037,0.5360799046921733,0.6546027555285278,1.1441164483956088,1.8139750170324944,0.5999999999999999,0
bfa68444f29681402f54e4e855d2cc9e,ARDL,0,25.68730311606897,155.48351341463933,0.468843777834402,0.5795276378140242,1.311319842909202,0.913802690188891,0.6833333333333333,0
972647c661112b5804e1aa7118d584dd,ARCH,0,25.79010887313974,152.25598290440814,0.6075120581695103,0.712266907980069,1.0654175557891046,1.950186796802273,0.35,0
4795fcd11fa37e9711dfc0dc4e9571ce,ARCH,0,25.915056005925067,151.90337404050663,0.6775779953296479,0.8041948902422715,1.3065066722902494,1.1397010817881423,0.5333333333333333,0
e60a9348454495a87858ec46a46770c8,SectionalMotif,0,26.030975310571453,139.4602600365085,0.9522983173251378,1.075212988713176,1.1874673917191299,2.9720204069325864,0.6333333333333333,0
62438c41dd932b439ff09f99e086b2a4,VAR,0,26.231771774729335,152.735618860284,0.6041525600486055,0.7085227513646211,1.0643367191973945,1.936510275247489,0.55,0
6bcb0d6b2b04c69f7275da9353292cbd,BasicLinearModel,0,26.25229587351198,144.10239253810258,1.1608030290085187,1.247835202549437,1.12934579913,5.133877801484858,0.7166666666666666,0
2d4e0c430622a7e201b0ddff233048fc,SectionalMotif,0,26.28814465666189,155.72351835075295,0.5749045874036361,0.6797222123154432,1.3334573175574866,1.4170189965103404,0.7166666666666666,0
c413dce2fc880229eae31f2116ab172a,BallTreeRegressionMotif,0,26.291197720746258,153.90855282439196,0.592123274440867,0.6948961428143619,0.9894582735630231,1.84851164411575,0.5333333333333334,0
370993d3dc2ac1c5c1a3d3430b5cfd49,Cassandra,0,26.523216803829378,178.93558331788805,0.7600001457440239,0.9622173720627044,1.5824932351654752,2.071815018233355,0.5833333333333333,0
87f7c63798e7939bcd6f235e908f67b3,GLM,0,26.529283025905407,151.18877817795845,0.9091462297688364,1.048071354954455,1.2562660124255411,1.8771523496457512,0.65,0
d3db2a325daa81db9d88fda9db5f1243,MetricMotif,0,26.547862338563917,161.48914440839138,0.6899674241721766,0.8156324250227375,1.1285336769845198,2.3105301337656017,0.5833333333333333,0
72c9900bbf39d019a3e1e329859936e2,BallTreeRegressionMotif,0,26.59780473370488,150.99572693730502,0.7922897352942202,1.085324998881479,1.61127108295875,2.518451009584077,0.7166666666666666,0
280c745d86b5cf950a93a9ca9fb86d95,VAR,0,26.70689357530235,139.96713817468066,0.9914983656169429,1.084623922120575,1.153679968291081,3.5839217015083706,0.5,0
68669f65124ea23b2743ebed785833d9,SectionalMotif,0,26.87716671442924,142.56691722996084,0.6264280892322553,0.732021605933303,1.447847525805607,1.1524401122736374,0.75,0
6844a766c72ffc1719300275e436a797,SectionalMotif,0,27.027149308652763,147.98146214149295,0.5632173557798318,0.6832088429547001,1.4639247518611942,1.272255946306594,0.7833333333333332,0
713d8c3841e5f45cfe51d35b30ec41e0,DMD,0,27.07148466158606,160.92055661013555,0.5678221953029554,0.682290802647555,1.048695175304943,1.76552842767961,0.7,0
d2f474e891fd4e68be857f4f038d9f3b,SectionalMotif,0,27.08559118956586,139.86030626625592,0.6003523282898092,0.7055454820540042,1.0839424443290002,0.9631771554437648,0.6166666666666666,0
f0bcf053cc7007cc77dc84476ceb856e,BallTreeRegressionMotif,0,27.17663403763221,151.31666063810363,0.587962703149617,0.6927332940081145,1.0616921732624092,1.857242145399017,0.55,0
aea8efd1fa247454af19dd4383d99278,SectionalMotif,0,27.30694688699028,155.47572822286529,0.8437371676719106,1.0279678671080092,1.3191584987355962,3.041205620884135,0.5666666666666667,0
a4380e4cb918209bc9dc3cc43c5a0a09,LastValueNaive,0,27.33400016611589,144.90673320552398,0.7379807115655144,0.9276448492017841,1.546407772548943,1.8790845538386987,0.6333333333333333,0
05eeff115e3dd41f243a2cd1e24939c1,MetricMotif,0,27.362759483405913,158.61291106856936,0.7258555095073242,0.8437516609221015,1.189251150070881,1.4224927565138408,0.45,0
ca5a4cb9375bac184a59478dbf944555,UnivariateMotif,0,27.374883093518815,141.02551611935084,0.8600419826362732,0.964398408191615,1.2134611148576444,2.021893056447933,0.75,0
4c02a25027f16d490ffe00f5ec95ee98,Cassandra,0,27.386313743294917,157.6719136515184,0.6664033306324811,0.7736263346728528,1.227571036828391,1.262415493117144,0.5333333333333334,0
e6ea171c4a03e657429773aa7edd820b,SectionalMotif,0,27.390533808436963,139.10650632230698,0.9910594715585722,1.1243874407846384,1.2354682438084854,2.891523643102451,0.6333333333333333,0
f425ba04b84dd1a39692826688a981e0,SectionalMotif,0,27.46918373340818,148.9745140908739,0.4163636554337196,0.5196400830426497,1.0357330263690108,1.03205121790843,0.8,0
134a588514eb939badcf2028788b1a65,FFT,0,27.55511299006128,134.03937361481442,0.7745985495637552,0.9955467578658823,1.6558660611563973,3.0559156642295857,0.6666666666666667,0
4aed3791ba48bc0ded7d41c052ddf910,SectionalMotif,0,27.618072400135446,150.5891092282511,0.5915607731082692,0.7425398133938426,1.255603698784682,1.361721615942298,0.7,0
d7729d73b1a4a45264b4b8ee6bcef702,ARDL,0,27.729550279944554,159.29143410220286,0.6787033087534579,0.7862257084525351,1.3121327527480489,1.4113425446405516,0.5666666666666667,0
a817d8835ecc3c3007b6909117130874,UnivariateMotif,0,27.735571651557336,179.93846900403048,0.8406567801885828,0.9639645631711607,1.1962168005065064,2.840953285634312,0.55,0
3194c731651ccd07d8b37e8a266672c9,SeasonalityMotif,0,27.89180026388228,156.2977648238199,0.6429631078498973,0.7409583685130887,1.1297917711835268,1.8064955798545768,0.26666666666666666,0
32ffa21886ecf3437e14db6277adc6fd,Ensemble,1,28.10443860246892,116.73950014434834,0.3846648785577463,0.4959062755001084,0.8906794034589595,0.8811522583061964,0.7666666666666667,0
301fe01252051791d261f494307d0d60,FFT,0,28.14525271699566,133.6795745416063,0.7928963635617219,1.0082876216409598,1.651654977718961,3.1008768720310234,0.6333333333333334,0
f033f97b0c91b81d576fe6fb78c9b9ea,MetricMotif,0,28.20901842342903,150.57818544619448,0.6195749476911528,0.7116658762346649,1.1535029256916924,1.0807776182701794,0.4833333333333334,0
41853ff1f1740c99bb032d1d2acaf510,DMD,0,28.34240677956015,149.58775560325057,0.8996442127557136,1.1129241614278285,1.5536032587601194,3.016431152789213,0.65,0
0a08abe717cc79e4e27d6d17debaa9fc,ConstantNaive,0,28.45235570203048,152.25598290440814,0.6075120581695103,0.712266907980069,1.0654175557891046,1.950186796802273,0.0,0
8dfaa2139dd9359fc0d51a969a219837,SeasonalNaive,0,28.45235570203048,152.25598290440814,0.6075120581695103,0.712266907980069,1.0654175557891046,1.950186796802273,0.0,0
a92b462db8fe71543d1252f9fa66e965,ETS,0,28.47918645758088,155.04816257468394,0.6566823495590797,0.7626696575299768,1.0765804429331753,1.806291949986513,0.2333333333333333,0
0fc77f05d24151b30a6a3a23e0a8f92d,Cassandra,0,28.500989011083345,146.86669740513526,0.6072340588323831,0.7300596179248126,1.318521878904814,1.1036415208678048,0.65,0
664695a58ee1da58d764911d2da4d681,Cassandra,0,28.649954075680295,151.9380502206497,0.6071648472075533,0.7120681228128858,1.0643332251089768,1.9531390786427238,0.11666666666666667,0
d55b68a7e92c0c00705cbfcaaf2e43e0,ConstantNaive,0,28.712597321605028,156.30541237786548,0.6063767251665468,0.7010602350836345,1.0925186848394417,1.7104872423060828,0.36666666666666664,0
2cfd9e59df340ed0c69a02ede4a1f7e4,WindowRegression,0,28.857405447173093,136.78218493714832,0.6293633450934489,0.7684140062015785,1.2506353676979756,2.175526744466969,0.55,0
62016a3c0ab75c90b94a32d1a582af8c,AverageValueNaive,0,28.863393211458995,170.8322379858951,0.6670845031323089,0.7790394271868755,1.295857708441707,1.6238148467532114,0.7666666666666667,0
a2527c9a27a7de480067243dc404f75d,MetricMotif,0,28.94560060482377,148.75073562423498,0.6231960519140025,0.7471077462789282,1.084770966073509,2.1541802266736827,0.6333333333333333,0
c31db2976f78e52e799828eb4b211a4d,ARDL,0,29.144071747745425,172.27794252911548,0.6260576965193236,0.880588238935529,2.4862024144253736,1.2563730994764988,0.65,0
652bfba12f4405e741aee014f34c15d7,AverageValueNaive,0,29.221190427301774,136.8138281809638,0.65379691911455,0.7833503564582918,1.0811422300725737,1.1791279581420937,0.5333333333333333,0
40500d14313b1517f02b284aba2e55e7,SeasonalNaive,0,29.3080409165944,141.35642213364088,0.7363096056183382,0.9298325001733871,1.5573393531743362,1.9113697056513927,0.6,0
bcb5b499d21f8765aa7f2b729d7f22c7,MetricMotif,0,29.319023191056512,147.0423196224652,0.6570949903096046,0.7978613364549907,1.2678633432017579,1.6017450145838417,0.5,0
575005b10131c70c71affc64300de0a4,Ensemble,1,29.478627175034283,127.10895607743473,0.8037882153136475,0.9993705439028291,1.2285165756931207,2.546454522021499,0.7833333333333333,0
e612105c8630ead2bd6372cee2183a7c,ARDL,0,29.53758200222879,155.0693039259044,0.6553653662797618,0.7605202816309335,1.1622800521281054,2.1008290120036075,0.5166666666666667,0
066c5ec8c2e01c7401e64f41b0ca4a1b,MetricMotif,0,29.56210323541712,139.67873444943012,0.637782116420403,0.7726553940140589,1.2494790665597617,1.598433316444779,0.6500000000000001,0
e4e13c2735fcd98b467ed37d9f184abf,DatepartRegression,0,29.64130374807327,152.06280028862642,0.650335300045932,0.7801719762772092,1.1629315816121553,1.8119358069465434,0.4,0
008e15a3ad2a95372e0557f7f6ff76e5,Ensemble,1,29.671613830298185,126.94480508550612,0.8138957928337364,1.0127315312237661,1.2282667131020548,2.5969924096219428,0.7833333333333333,0
01e2f48981cda70fb1c93e692727f378,SeasonalNaive,0,29.71348646321826,141.11017462800675,0.7333154649266453,0.8683071774365171,1.244320789733986,2.868539611692254,0.7,0
5bd264eb8d9ed300dc629c1b74ba25f0,DatepartRegression,0,29.719740806920367,193.60888700947143,0.4343654165193117,0.5358232740749782,1.0409092348931992,1.068508553992736,0.7666666666666666,0
703cfa4982bebc5d4a93f9e07afb7249,SeasonalityMotif,0,29.724052880508008,152.25598290440814,0.6075120581695101,0.712266907980069,1.0654175557891046,1.950186796802273,0.35,0
dc2289fc62dfa54ab4f14071fd3ee2a0,BasicLinearModel,0,29.73824053951998,152.44776003466336,1.1354572516042543,1.344326896793817,1.4111187614345897,2.9717687902939276,0.5,0
365e80a844e19c2afa9a85c937bb379f,Ensemble,1,29.768987227993367,126.6648645676496,0.8165784671453491,1.0198083284854882,1.2317499206245555,2.6104057811800065,0.7833333333333333,0
82778ad46a504f2c619e0909ba806426,Ensemble,1,29.768987227993367,126.6648645676496,0.8165784671453491,1.0198083284854882,1.2317499206245555,2.6104057811800065,0.7833333333333333,0
fb3d388ff5b6514c9df36360605afa82,UnivariateMotif,0,29.79675664860705,148.37640174844017,0.9324159464037807,1.0122204269359028,0.9569462816726721,2.5290425052518173,0.6333333333333333,0
3710d9ef96732c119c50fd611fc69bdd,Ensemble,1,29.802699760987732,126.84492192268911,0.8192246269692239,1.0205459176193141,1.2317499206245555,2.623636580299381,0.7833333333333333,0
15ab471cc95b05520bdcb2bacaee4991,FFT,0,29.861464003462867,165.50016404411554,0.4338046994383665,0.5397965551123832,1.0619806633215323,1.1263358057342312,0.8166666666666667,0
047b2094d9a49293a1c0e768fb3e2e43,Ensemble,1,30.02029990086999,156.8684657433554,0.83175367672001,0.915882421640891,1.0887036965420653,3.2818907520466376,0.6333333333333333,0
827513c60765ca44f4a01815571bf03c,Ensemble,1,30.047440498697693,117.65442531275058,0.3807763627895998,0.49879182531962307,0.9146530033646852,1.0280671938611066,0.7166666666666667,0
7d36b6d812c5adc990454b4a15b86fee,SeasonalNaive,0,30.096027516076937,161.69725137682696,0.6112913102078915,0.7258974608187703,1.0587421919684468,1.7883512676713837,0.5166666666666667,0
59691b07d18db556f1964d1d84cbd228,MetricMotif,0,30.255316446416106,125.5439545793935,0.6848816745247039,0.8354499342737494,1.3163252566971824,1.930820126948187,0.6,0
22914a9e243880ed1a6424e3172a03a5,AverageValueNaive,0,30.313062025839468,150.0812235618877,0.735460074738753,0.8614953265139477,1.635986789520129,2.101368856776455,0.6,0
47491696b62b9d7946a28fbd965a4607,MetricMotif,0,30.357477092036426,174.03591309264118,0.5688900310660605,0.6774245517686647,1.1469985909442761,1.431115151924189,0.6666666666666666,0
e1d418cc59a160ca74406a939e778950,BasicLinearModel,0,30.5733792394667,144.8488660277414,1.173948581819606,1.4032082698770085,1.1902064822527416,1.5732276026157457,0.6833333333333333,0
2cafed933a6815f9d784be3b6c933b60,BallTreeRegressionMotif,0,30.616639459267102,148.18891765954436,0.40416938370461597,0.5072836531480642,0.9779466901815667,0.9485079469946855,0.7833333333333333,0
b562edd0ec053812303f07dbfc3252fe,ConstantNaive,0,30.616948518774,141.35642213364088,0.7363096056183382,0.9298325001733871,1.5573393531743362,1.9113697056513916,0.6,0
29594419b72a9a5a14ceab7ac8ad74d0,ConstantNaive,0,30.62267440760205,141.35642213364088,0.7363096056183382,0.9298325001733871,1.5573393531743362,1.9113697056513916,0.6,0
d249321b6fce0912ef83788d0697ac59,Ensemble,1,30.709284793246265,156.65605696458402,0.8421887178743035,0.9316091338098967,1.0973179631506265,3.332977825264238,0.6333333333333333,0
6573a95d3b6b1bdd63f1fd04af75d1b2,Ensemble,1,30.8450146015016,157.15104229544073,0.857950092861131,0.9387983270191718,1.0720755549698333,3.4117847001983757,0.6333333333333333,0
40b87de1331748f5d2529a79a309311e,SectionalMotif,0,30.863821365955832,143.64279600965733,0.5993905145740734,0.7081172982803585,1.4412095211380866,1.629364015046938,0.6333333333333333,0
fa44dfdda210bba098b1bd361af477da,Ensemble,1,30.89298400395929,156.90915450382496,0.8629499869275044,0.9420835612221727,1.068368752629024,3.4389604356379784,0.6333333333333333,0
f16b356af19dddda21f7a40f1097903e,Ensemble,1,30.910740192902704,156.93113571717348,0.863167613438278,0.9460630297197055,1.0792976265800744,3.4324316403147663,0.6333333333333333,0
dad8c1b66b353930073058764dac48fa,ETS,0,30.98640862762771,166.3945639272253,0.5020813189085055,0.6032661319619198,1.0998354248157924,1.0726329514531057,0.6,0
b1cb27decc3b8804f8eb52375c580f14,Ensemble,1,31.008409308223996,156.8414904391611,0.8733850280817979,0.9506438290861698,1.0791037134888755,3.4911356414094477,0.6333333333333333,0
6c4f138533e66695fe0ee7550d5228bc,MetricMotif,0,31.032195883799638,140.75267805725198,0.7730557075728729,0.9955927158309026,1.6575240613410565,2.127369403073776,0.6833333333333333,0
9b0853b0d53721579748d846905a69f1,SeasonalityMotif,0,31.107274226133658,153.77396956207102,0.6885222794725563,0.8695693386458189,1.1616668199886226,2.2993446923443206,0.5666666666666667,0
0aeae5fb74a9f5dea39da48091df0dbb,ARDL,0,31.277411681120363,168.453591119427,0.5347482465204634,0.6407790203845063,1.140708538170538,0.9939627228799711,0.6166666666666667,0
a6d15719d817e281c4b79a827a104fe1,GLM,0,31.320879784376785,132.95556456460514,1.0523242738775904,1.1929793932853623,1.169866158609008,2.151955027837972,0.6666666666666667,0
db347b4ef26ecdf6bfbde29019bce17e,DatepartRegression,0,31.390221641855415,160.06226247763047,1.2927969835978348,1.3785083543057213,1.1539596569685653,4.399757652252864,0.5833333333333333,0
4f229eba30ef3aa70f4f8f0bdb59acdc,MetricMotif,0,31.44803286419441,132.10371714496173,0.5916902613116056,0.7138822295740452,0.8708020137147164,1.784994769599391,0.7,0
cea3907b1dfb0dbb2376a1b36aef9233,UnivariateMotif,0,31.727976934611263,143.53837887118513,0.6468077160127433,0.7592782851264825,1.62283071574496,1.1826164733234856,0.6,0
9e8ca7c7f1520ba183703a2b2a9c7e47,MetricMotif,0,32.11108641415852,140.04838212667693,0.9468245977925479,1.1117829449935734,1.2721147904179566,3.3172834441955876,0.4666666666666667,0
0a987787a255c995982c87d184675cf6,SeasonalityMotif,0,32.32433515993841,157.76163408402167,0.8634851443660434,0.9651985424384397,1.1069352345607637,2.3450339411859393,0.6333333333333333,0
09f6054498b3047eeef9ed82836ee592,SectionalMotif,0,32.3514672484956,135.3120586535902,0.443168272298195,0.5465945505049805,0.9398471395827933,0.9943388621213793,0.7666666666666667,0
7d44206695b4bbff909b198b39695738,SectionalMotif,0,32.50727158542775,154.9368254527709,0.8719531340119321,1.082161034673606,1.5041937352797772,1.480952083169762,0.5666666666666667,0
bb4f06d190d9b1360ffa7b02748857b5,BallTreeRegressionMotif,0,32.75455089896584,145.8347529504581,0.4161028954383972,0.5347235717460016,1.0582040739248761,0.9455222388695226,0.7833333333333333,0
5e75ed52611fa9266c855f5876eb8720,AverageValueNaive,0,32.93754541162773,151.4676597854477,0.6008418745879978,0.6965193488229936,1.019014643084671,1.959633673783087,0.5333333333333333,0
eec338569152018148b76e7fdc511ac5,BallTreeRegressionMotif,0,33.169153599403586,156.22816049435284,0.5890015998888142,0.6933826349648806,1.0860834507288417,1.7773424075641338,0.5,0
df4ba1783c79ee6c15e10770ec30f271,MetricMotif,0,33.26245915761738,146.6037933873462,0.9331954426960701,1.1025770450857828,1.5803319275669732,2.5535586258472938,0.5833333333333334,0
6ba9f0edcb538b81e0723366fcd1dfd1,SectionalMotif,0,33.26391478023216,147.0051167122062,0.7287164354833493,0.8860076315379521,1.7823214426263507,1.4089809802807152,0.7000000000000001,0
f8488ffed8db7df34593fe73c42832bf,GLS,0,33.347260388817794,171.52344753439556,0.43471411611380517,0.5399498374617887,1.0513025796169484,1.061370276373899,0.7666666666666666,0
f37449899f5a01400fb2d508815c8c28,SectionalMotif,0,33.41116746646134,139.81069342881597,0.5828884621614179,0.6903425408482687,1.3942488118484602,1.3955769065928694,0.6166666666666667,0
4cbfaa46167bc5253a7230bd8686d5fc,BallTreeRegressionMotif,0,33.43899204729743,139.1129435781496,0.6463250010148218,0.7591021052566828,1.768685489550173,1.199521065394852,0.65,0
8c0200dcc8c49c3957d6ddcfb21160de,ARCH,0,33.470917136111815,148.78919715630232,0.9667612675184621,1.1400161510601277,1.7680666628774755,2.7942275291747927,0.5666666666666667,0
daa57551ab811872fa071a8a016d9175,MetricMotif,0,33.579646869363515,148.34275916868845,0.4270512304737796,0.5068216746968311,1.1594437518136167,0.844950532197345,0.8166666666666667,0
dcc934602e11192b3b630884a52900c5,GLM,0,33.61029267187746,155.6631964162325,1.4457293760291539,1.534463967488953,1.1625702869056107,6.8030663926331645,0.45,0
daba5bea4bd14cae231e5674d9a258bc,ARCH,0,33.67716972655297,160.72007342114176,1.4943853797899105,1.5892046876738344,1.2637918343263341,7.47192689894955,0.6,0
4bb02cc0e81e9ba5fb711eeaef964a18,VAR,0,33.69908964612836,175.41073981234385,0.48308587143547654,0.578995914744654,1.0454516462231427,0.8841003982105688,0.6833333333333333,0
f92a3880905df7e9a5f224f09fd5f934,BallTreeRegressionMotif,0,33.81333954421537,157.37063090525916,0.4868673107453959,0.6108613429256163,1.1020536639956693,1.2979381261626675,0.7833333333333333,0
823bf5e0d42c3387899d9b001ad5f82d,SeasonalNaive,0,34.11768436455189,166.96456839532829,0.42739781509349983,0.5294818238634225,1.0403430375789249,1.1030792095959823,0.7666666666666666,0
ad9bfc1cbb887867031e7e331d67a58d,MetricMotif,0,34.47272927939377,145.2605646309517,0.7313337876249245,0.8360836379225696,1.4661394897777202,1.3551026655886946,0.5833333333333333,0
2ec4d682df8421c28fb61131030eb310,SectionalMotif,0,34.59441633059273,151.92059464389538,1.2564163991312414,1.4579489892018345,1.461498186456222,3.0223919708333504,0.5666666666666667,0
c70c5ad1fbae6205b62828ee9bebea4f,DMD,0,34.92649060519845,152.97653441596043,0.46870116368687464,0.5854009029215889,1.1341250645415506,1.1740912886957846,0.7666666666666667,0
a7ac86a428b9bb510322cf5d343f1b17,AverageValueNaive,0,34.986937503587335,139.46103911476374,0.6423541475935037,0.751205239270385,1.755651025697705,1.1694988584295283,0.65,0
0c0e74b7a5382e300b867dbf3dc98918,SeasonalNaive,0,35.0561100778967,137.1222104835344,0.6394743958508553,0.7515644701877591,1.7423571584501398,1.205209758100123,0.65,0
572017f1ffd1e296e320df945dfb6058,SeasonalityMotif,0,35.13569388217535,148.76665717905456,0.9786774592955755,1.1119594318148933,1.4684853851622326,1.813288583667458,0.6333333333333333,0
eec4c1b129590c51c9d6c8cb64940453,Cassandra,0,35.63982037792866,149.90234914572022,1.4580632373713187,1.685326333440282,1.4905649712874864,5.308951719400839,0.5,0
c31264bfc838f7a0c9f1e248ca47e08e,SectionalMotif,0,35.89469634332043,147.50639705369446,0.6499301822621412,0.7525649641931065,1.0405750027010463,1.578504803523974,0.45,0
67f5f6a243891ad1c046b81cd64797e3,ETS,0,35.901368275351565,140.1526877857434,0.5935691554591295,0.717242917430071,1.098623541693999,2.07837315030203,0.6166666666666666,0
4df5f08a7572b3df91855a866f8388c7,ARCH,0,36.01404327136815,163.26912177802075,1.6287581621199039,1.71963905606619,1.2901296789324799,8.143790810599521,0.6,0
2885697196197d5af87c54f737b10243,ETS,0,36.084695698576795,163.26912177802075,1.6287581621199039,1.71963905606619,1.2901296789324799,8.143790810599521,0.6,0
e8d1327f8180432ee0e529e662e70e5a,SeasonalityMotif,0,36.36033498071505,155.5379645684649,0.5225395041599767,0.6315184387241655,0.9916039126612798,1.4341441222163318,0.5666666666666667,0
f819a3cb0f0388234f1d754e0618d926,ARCH,0,36.38658632091784,141.35642213364088,0.7363096056183382,0.9298325001733871,1.5573393531743362,1.9113697056513927,0.6,0
aa8e4b948725f2ee18fd5d322ca784e9,BallTreeRegressionMotif,0,36.750576496250474,131.14345823672775,1.120298754663614,1.4571463790426438,1.522563099379508,3.5065642701473805,0.5833333333333334,0
7a28b9fb662d7b6e62bbfcbaac0e1b0b,ARDL,0,37.110546880166446,152.85302459776545,0.4374654856831306,0.5331870778920991,0.9367440651383298,1.1109001428813263,0.7166666666666667,0
f63f0727dcff4d700ac50379ed10facc,ConstantNaive,0,38.12308175098629,142.30114399142315,0.6173070685558554,0.7384799635772913,1.2104946111169208,2.3185757898936292,0.7,0
64e2b173168ad9d90641d7953ebd8f8f,Ensemble,1,38.34123975722372,141.032305485363,0.5955960523063627,0.7397960794871762,1.1896140163066156,1.8245427703138941,0.6333333333333333,0
3ff7897820130c85a0a293e4583d1a7d,SectionalMotif,0,38.41408678715352,151.02579651950938,1.1404229333043003,1.3824912329492833,1.571467071517755,4.316484816847402,0.5833333333333333,0
3215ca7b15c2b1dffa4bb7d319597317,ETS,0,39.00666932130903,137.8366959860158,0.504184538957052,0.6283202179411528,1.0521849946124902,1.5020771332551615,0.7,0
e4d20180c5edf182e608479548031355,ARDL,0,39.13783358691225,148.289409850877,0.43166762447865825,0.5326117064462599,0.9226164867561548,1.099027164343312,0.75,0
b36658e6e6b7b8df510583d8cb9f4913,ETS,0,39.369347470674676,169.04808923364948,0.5684059738558734,0.6656181371914647,1.1790692233276872,1.2151188189415254,0.6,0
dce4ffb24ff4d388048d9b19b792e24b,VAR,0,39.811134560672194,127.02767758817886,0.8421236353802237,0.9740051926398003,1.0052232694642556,3.534384418883738,0.7,0
1b5238d31f67a577c39d1d4aa1679f04,SectionalMotif,0,40.01067857000797,136.1848469465849,0.7846527626774472,0.984028655995257,1.6298613232208017,2.486786911307822,0.6833333333333333,0
a7e95076b8698337c822f8089589b6e9,SeasonalityMotif,0,40.18732523141058,146.0769204492471,0.6287996971091446,0.7448749965596037,1.0270239429281243,1.9832816155723656,0.5,0
eb419f966425e898c4929ee27c41d7a1,BallTreeRegressionMotif,0,40.686337012248664,153.48833057848046,1.0526221705942684,1.1323670888166835,0.9508460725321803,4.465965908249587,0.3666666666666667,0
a717fae97ebbde59ff828e1448f4c640,SeasonalNaive,0,40.74390151014222,155.0898665138974,1.0514580079701659,1.232365900802559,1.0726553049186895,1.4720127100451388,0.3333333333333333,0
c18dfd4c8b53718051eb7b1fb03d3ec0,DatepartRegression,0,41.11493567015218,151.80150404164652,0.6102742719716625,0.7149725249842341,1.0655686748150779,1.9700926571989439,0.4,0
1c1391d823142e134e39a68e21d1f96b,SeasonalityMotif,0,41.45239588677886,152.25598290440814,0.6075120581695103,0.712266907980069,1.0654175557891046,1.950186796802273,0.0,0
5924982de7b215452cf7b64f6b01708f,SeasonalNaive,0,41.629177520872766,161.56407429657605,0.622546417987011,0.7238321735828346,1.0849833511874256,1.910371209221959,0.4666666666666667,0
5db1d1ba303a528a8e570edfbdc1b540,DatepartRegression,0,42.00434949356912,152.25331613760855,0.6837746783213297,0.796625120492609,1.0631169333011055,2.3653345695087675,0.5,0
8e35f019a98338340990ec1f7cf22195,DatepartRegression,0,42.022485800111674,154.58693330046725,0.6772539665818355,0.7859503714426234,1.0637268294080606,2.252641217209179,0.4666666666666666,0
dfb5370429254279b530d9da58fe499a,DatepartRegression,0,42.02607909996359,155.38665035650223,0.6748390826797971,0.7819879498715079,1.0639698747194892,2.2075277489146234,0.4666666666666666,0
7d79e28f15e675a2c5cf7883b30f3392,UnivariateMotif,0,42.29792246197091,149.23213815739751,1.2128940964243977,1.3706864435229071,1.4632416320200714,4.543807876480887,0.5999999999999999,0
8b61c079f7b026096622e6005ec966b1,UnivariateMotif,0,42.42079215354447,154.2060874830538,1.1310089648431745,1.3649940799856666,1.3456387521546382,4.1403456766481606,0.45,0
0306db327cebf631ff4ff8a935d74eb6,FFT,0,42.45969562406833,154.73955360612155,0.7266186359745381,0.8202651147443515,1.0510338037572642,2.7426860801414708,0.3666666666666667,0
5fe07d76095d396ca7ee0c29e683327a,Ensemble,1,42.658830975687884,138.67795633044878,0.6752987285391374,0.8231758617179494,1.4268617353084634,1.6767359187454602,0.6666666666666666,0
acd4c52714cd3c6db386755f657ba2fb,AverageValueNaive,0,42.712953678114296,161.5442248443871,1.2569492454070452,1.4210922624277624,1.0769928276554817,5.267900898582343,0.3666666666666666,0
e57a5ef5f609e61c1053f7480acc98e2,SeasonalNaive,0,42.88608652087372,137.7067240161871,0.8923419859335011,1.1088460804585116,1.6457875669093902,3.8523477641890564,0.6166666666666667,0
38a26562d87ca709ddd78f154f7f69ae,DatepartRegression,0,43.29581871991452,158.3015475275285,1.4561569271343802,1.6240113713552096,1.2690031516756084,3.2507175159456154,0.3666666666666666,0
41c7e8b769ec5fa09450dc8a91159a85,Ensemble,1,44.78129504602796,158.09543715141686,0.9896494338783276,1.183878699373786,1.523161937631099,2.103212187353942,0.38333333333333336,0
70f35596ceb2e895d60d3da645b45a56,SeasonalityMotif,0,45.35288681146371,128.01076822910136,0.5190938874080373,0.6886548855508332,1.0966536344205022,1.3187995159828512,0.6833333333333333,0
bbfe2e59ac3ed671505348bff9025a51,ARDL,0,47.90920060113861,168.5226487172875,2.4002185841530923,2.466355208924581,1.464025772767619,12.00109292076546,0.4,0
9b2e14507069665ba2b1afc27e14defd,LastValueNaive,0,49.00753227181643,152.24837246042404,0.607537782646036,0.7122963441916671,1.065416952237593,1.9503541623779728,0.2333333333333333,0
1000b2f652afa91f99d737439414f868,SeasonalNaive,0,49.02218239041199,166.21551289851104,1.0503490297960056,1.1557949311507492,1.1116021355183177,2.204705056176355,0.33333333333333337,0
c349fac249f65deb37f559d4fec11b83,Ensemble,1,50.378282435459425,158.93754680870956,0.9853232991554162,1.171917948525681,1.5041748687216365,2.153484530360095,0.4666666666666667,0
4db79fdf73e07d220a6d987ef4ef430a,DMD,0,50.51996705533588,163.25784466140115,1.6280013535538707,1.7189151972438907,1.2900147010139047,8.140006767769355,0.6,0
999438ee1c308ee53661195d7402edbc,VAR,0,50.56837533158318,134.69694880804434,0.6870815614447268,0.8270825309525944,1.0286236547955954,1.1958041721609323,0.5333333333333333,0
b84e91b581b88326212d958c71a09e6b,ETS,0,50.664072385160765,157.00332343466093,0.761560127227406,0.8765350261586928,1.1849060192946994,1.528135919363189,0.3666666666666666,0
3e1c4162e770ed89da82a6f8727b3010,BallTreeRegressionMotif,0,50.754400560822916,149.9989986418253,1.3438257596493801,1.5106567055790356,1.038638582296139,6.074101629167767,0.4166666666666667,0
3beccf977071a02f2d6a82cdf2d53b0c,ETS,0,50.7776977945612,160.5378072073653,0.7948783804229814,0.9143329994297364,1.184213994747886,1.6178678060912897,0.29999999999999993,0
77bee147dcdd12954b79d1368ac182fa,Cassandra,0,50.924702010905804,160.2496828026069,0.7323391837970129,0.8300897850224107,1.0515396803319528,2.840511777047078,0.45,0
fd0f3dda982b1bfd0830675c095c6e10,ARCH,0,51.27949075659349,200.0,0.4336184454002347,0.5350248986124171,1.0412803818989569,1.0632379934162768,0.7666666666666666,0
ad9dbadd0ab72cc8794e6717daea93cf,Ensemble,1,51.651708372419755,136.14198410452,0.7856912633177722,0.9431882826894838,1.4954700500386964,2.219915659089158,0.6666666666666667,0
2b2043475806e3500b2888585b84af24,ARDL,0,51.90307707170546,149.2256727572026,1.6897043391086028,1.9528694428725852,1.108657891986773,3.3005520773048715,0.5,0
9d1ac277f02c1c45e07d8a374b05b11b,Cassandra,0,52.35771628831217,172.18893045092415,2.2695007365242454,2.348661336780295,1.3095946357378985,7.001679445801253,0.3666666666666666,0
944a0f593f8588217f166b9d36c7ed06,UnivariateMotif,0,52.93719453005357,141.88567943327797,1.0955677787467915,1.3606057400363114,1.635334676485061,3.790580904820176,0.7166666666666666,0
59fdac478380d553deb8539c11da8af4,BasicLinearModel,0,53.765827122483756,161.89254307006152,1.9510824445952994,2.1791914151201253,1.088936784960818,5.494828778748392,0.33333333333333337,0
04922b3a413760a55782bbec1766caee,SeasonalityMotif,0,54.69563805527862,163.45877102872535,2.2069213665831935,2.45685470322326,1.0871912759312612,6.128368212190002,0.3666666666666666,0
74e94b1faacb20a2b1e28af074e452df,Cassandra,0,54.92810540123416,142.91737261373174,0.8062908879913527,0.9057451764415164,0.9132482143625769,3.3143903583483465,0.4666666666666667,0
8093d208885d0579557b31d4e45c3e08,SectionalMotif,0,57.06696131333661,163.78895383195123,0.4319450829041703,0.5427861293550403,1.0251302101291386,1.0050315274648465,0.8,0
8aad8de8d8b7b3483623d2b9bde9ca5c,GLS,0,57.34995832678887,141.50699770552222,0.6092653201340703,0.7316776497388043,1.2060906117151269,2.3006928296800155,0.7,0
2f0b0270c5e2dd6479efde5db1d21656,Ensemble,1,60.47227231718737,152.95115586806295,0.9824334860604838,1.2200502217889104,1.554258422812622,2.0411928552094594,0.5,0
75ed2573ef308b1966685a85efeec344,ConstantNaive,0,61.38606442206815,153.4362898272139,1.0501368234031796,1.1666015534077645,1.3771026856284485,5.086315985869509,0.4,0
379d82bf47aba7baaf09176b74f5671f,AverageValueNaive,0,62.097605171456095,173.63195339808743,2.3691660663834644,2.4323982413120846,1.6506637248641862,11.84583033191732,0.4,0
61100a8cf5aa80b9009d7bfaf17b5437,VAR,0,62.25276048847997,157.82157384953865,2.7583352012880353,3.246283307878958,1.4054563315888964,7.4272579779433245,0.5499999999999999,0
614b1b39c80b9a81d6eef6f4941b4192,BallTreeRegressionMotif,0,62.866364612397284,134.4712961532764,1.2047335503358751,1.5722443057203845,1.524103947035126,4.03357396548497,0.55,0
73cd58462337ba1493c4255469dfe7b8,DMD,0,63.524699146319385,163.26912177802075,1.6287581621199039,1.71963905606619,1.2901296789324799,8.143790810599521,0.6,0
ac34ed2d7fafff1bb9a1331a6b0238ef,BallTreeRegressionMotif,0,63.704783940050696,148.15789229447148,0.737416652205005,0.9150741409761396,1.2051320539792136,1.9237142325072782,0.5999999999999999,0
e4bafe4896bd828471506dcd74605b6f,ETS,0,65.10948485844692,188.61553683395408,0.5580879522388293,0.6738138115464791,1.1242929656749234,1.2678866919512082,0.6166666666666666,0
d586fca61b4b9b3abc42c404989ac4ee,Cassandra,0,68.3225015057594,150.79776011265076,1.3300125823923223,1.4451524710732637,1.3389543331663192,3.8506147236344503,0.5666666666666667,0
90b742f94b9c3bdea576368730feffcc,FFT,0,69.57962737061507,144.81268268470092,0.7432561007862428,0.8614532989295356,1.1403438843014855,3.2997228125918854,0.5999999999999999,0
c7c830fbd7cfcd5f5dde95601e3f7edd,ARDL,0,70.7529342398691,156.06009849983352,2.1262900722569515,2.274699675626657,1.2391417767528394,9.49676064954457,0.5333333333333333,0
bc0083d0a7b490d04341064cafc177f2,DatepartRegression,0,76.07531427961982,154.21237176843997,1.4465093021221276,1.7568540843675167,1.3097368776096057,6.115415552758229,0.5833333333333333,0
1583433b1f4c026b2d3cd3f8942485f7,Ensemble,1,78.87438338783775,141.86617516043037,3.3115907846752917,3.7948618530166756,3.2460235409546785,13.968406757333918,0.6666666666666666,0
758632f9cb9986d6dc6bf37e92aec42c,SeasonalNaive,0,80.02712698108431,156.76041596213489,3.2375746945138943,3.656883837891242,1.5638584137360267,14.936273184047568,0.5666666666666667,0
99d320c4087454f5f69157899b6b7ce8,BasicLinearModel,0,81.18735553299604,166.1055496659945,2.2334899881986905,2.6283407249447714,1.2020942511770205,3.977269085025717,0.4333333333333334,0
55f1b622d23139a259a648b25d0c5ed5,ConstantNaive,0,84.91276570763743,169.5089682146916,2.3861167492913427,2.4553020350761043,1.3923198193341104,11.930583746456714,0.4,0
e5bc19b4f68233e415b07d4d8d382df1,ARDL,0,88.08454397669787,176.3127789598805,3.155602385661844,3.213501204039713,1.8021629759249997,15.778011928309217,0.4,0
51154aa52a22b3100be3c2164764aebb,Ensemble,1,88.35183481071327,151.45360604315394,1.0612001209540391,1.3304778715950492,1.6159752267958898,1.8345240047638078,0.4833333333333333,0
6557b3c2f4a0a64fbbbdd3304ed399a3,Ensemble,1,88.4647387913727,113.5870181150091,0.37992224826756693,0.48499844703218864,0.8891052005070357,0.8527280492965893,0.7166666666666667,0
d2be768a1997792956b983fdde54f79b,Ensemble,1,88.4647387913727,113.5870181150091,0.37992224826756693,0.48499844703218864,0.8891052005070357,0.8527280492965893,0.7166666666666667,0
f49607757d3d4bdec75abd054d58ee0b,ARCH,0,92.38359139822812,193.9595766654358,0.987332277069006,1.0850007180779868,1.7022114835228686,2.6716539934251835,0.6,0
6be95ae38df8f102e2fe9e7edbeb147c,SeasonalNaive,0,92.41609535634602,171.88433751959488,4.1506813356553085,4.680111650018418,1.53258222127187,3.1171691020407253,0.3666666666666666,0
5e450b491d9aad81e4292fbc26fa8023,Cassandra,0,92.68272883805193,156.2008776573536,0.9171124236178894,1.2845669030861797,2.0820777116594686,2.0698810239623477,0.4333333333333333,0
c5e29c3adb055768d49d55efd14cb624,SectionalMotif,0,96.08228489917376,133.9321879298806,0.5759345551467498,0.7331304593099068,1.0950591984844658,1.1839300504910313,0.6333333333333333,0
6384fe6961fd101b7931d7ae00a17c46,ETS,0,98.08559394105488,168.17421333404678,4.80598214829843,5.586667010460645,1.8111755985695717,8.378440257770881,0.6333333333333333,0
05bc761f39d3c058031b9f35a9d2ea5b,LastValueNaive,0,99.31990919741625,173.26287119205284,3.8228600282748055,4.478266514569807,1.7719886941410068,8.68138154464267,0.3666666666666666,0
8557bf576e730065592774fc36dddcc4,DMD,0,100.41808500864845,158.75112082818754,0.5811989147011584,0.6986282168683778,1.117433319349451,1.6082613433662711,0.7,0
4b7734008ea33599850188444b97d8fc,MetricMotif,0,105.7150556740412,156.64957122517828,0.850291774026909,0.9571514211339653,1.1072871519875225,2.5959450390651786,0.6333333333333333,0
cf27b9b72eae2f3781c6db435923d590,AverageValueNaive,0,106.08746463566081,169.7424829152233,3.1056501893307353,3.323188819071176,1.3121470693848463,11.923749708903776,0.29999999999999993,0
b4231c00d0b76fb18759b7992e2e98ca,VAR,0,115.17355969743645,148.4629237612307,0.8495274613086021,0.9954101795289617,1.189846123265052,0.8977013148203351,0.6666666666666667,0
5b1ce0bd23489d1091f8c6ec942bb513,LastValueNaive,0,115.64855023568987,172.14795945449038,3.67231442039945,4.262194167787356,1.4844527971557535,2.4977930455408996,0.3666666666666667,0
0892dfea8b3b79691ad089ae123ff7a2,DMD,0,119.16176018094335,196.16174284887532,0.43201846366188185,0.5341011363826478,1.0202942765895517,1.0627197524122332,0.7833333333333333,0
f21a028379cc559a9a7be4c07c0311d4,UnivariateMotif,0,119.60216215027913,163.77433321655027,3.9873922963291086,5.274498338497545,14.302793301407368,16.243583499042277,0.6166666666666667,0
cc9341639f287ea9f04e0342e145a826,MetricMotif,0,136.20734372629565,149.3937091209661,1.2208570204107647,1.47981940483506,2.535355479419876,4.071331746249992,0.6166666666666667,0
9a241ee59ce0626b8b6f96fadbc6999a,SectionalMotif,0,138.3924046265777,147.3929594210979,0.6561445112707092,0.7769042768676904,1.0953845811099892,2.096349331411774,0.45,0
661aef45e1e4f5627bb22e3b9d1b813c,VAR,0,148.7117162855907,182.97528279659068,4.394575717200315,4.436725094410713,1.9031744899957777,21.972878586001574,0.4,0
f8076127a51b3b5c9f145b69a5cb9f25,ARDL,0,151.47525788543095,155.14097375244125,1.7729377333662466,2.542016459448951,3.9998789313058674,6.199581784716177,0.5833333333333333,0
4e184737568133b2590123af0ccd959d,VAR,0,154.24303022644725,163.80877514076968,2.869145384407033,3.23282459043864,2.113610187248913,10.736215337832588,0.6166666666666666,0
7789d267e73d4c45aaf814bdf11782f4,Cassandra,0,155.80374815649944,172.55207992868785,7.053388472396217,8.198958339812393,6.679231098407433,10.981840680516042,0.41666666666666663,0
9e3bbb013439d4ff9c1b289c99e12e64,RRVAR,0,161.13579848625383,161.71891439578994,7.774752687485538,9.722632432597596,2.5911936513437213,21.27999970480448,0.5333333333333333,0
7223d763dedaec4accf861fe2f0dfd6f,Cassandra,0,161.67932561175786,136.02705289449278,1.4196675581188027,1.8587335866606014,2.017489815587411,6.01489455737427,0.7166666666666666,0
8ac488cfd8b0f40440c079103d5964f0,BallTreeRegressionMotif,0,173.0884278047824,151.98442077709836,1.2484256390431077,1.4591611237606366,1.060495869049112,3.392141584445541,0.4666666666666666,0
e6581248f84a295088a19408b39cfd1e,BasicLinearModel,0,175.66344096297365,154.22017266693655,0.7871483844180535,0.9431731892025148,1.1851768032823975,2.5218677828780294,0.7166666666666666,0
3b7a2daf50af669d84c3f52bdd792a12,Cassandra,0,181.7145391660689,157.09325824090428,1.3461369700543586,1.6069388623133676,5.155681767473263,3.6364837626711433,0.3833333333333333,0
c11a1268967ebdbf32082ba57810b934,Ensemble,1,198.42833220373402,160.03502213481423,1.378392137738898,1.654471251564732,2.1185511114955573,2.358174993983045,0.5166666666666666,0
1432146aa1b3181865ff999f8b5c64a3,ARDL,0,298.2744249468761,140.20631998205783,0.6929367269375434,0.8777459775070092,1.2056705026923333,1.7942263865746042,0.45000000000000007,0
3fb17888dd96ae1876aa1320928102e3,Ensemble,1,300.9274952070848,146.07256911748536,7.553952559138027,9.503803235281072,20.64347349526562,34.99332091517031,0.7166666666666666,0
4c83f57ab56964c44f6dc349dc3403e7,Ensemble,1,300.9274952070848,146.07256911748536,7.553952559138027,9.503803235281072,20.64347349526562,34.99332091517031,0.7166666666666666,0
2766927f9c5ef2ba6509ae529fbeb033,GLM,0,346.07380723673924,150.82373464377957,0.7875862520129429,0.9755726187142063,6.561294446841285,1.853331041307158,0.6833333333333333,0
0ffb899cd2888b53f2ada5e287e02e30,ARCH,0,357.2896036159684,152.24674209680174,0.6076542210214317,0.7124118720273315,1.0654131248697554,1.95073473171174,0.3666666666666666,0
18543e54c9529ba47fb6d9173cc7fd51,GLM,0,370.11459709989975,148.06773662631412,1.2967480461518106,1.573941034536438,2.492390983248116,4.36633316712189,0.6333333333333333,0
34bc377bc21c4c0beece6770533a385c,ETS,0,421.719379131458,168.7119708652623,1.4536562558000061,2.208582443018522,2.746884445480204,5.382013516728524,0.6166666666666666,0
01415fa0254d65ac9f4e39d9c1a77418,DatepartRegression,0,438.0982007900785,156.91639316817552,1.4924182047576566,1.789122942773221,1.2746755216255423,6.030713791183895,0.7166666666666667,0
c4b9277dedd74cedcb96e3747992f891,BasicLinearModel,0,471.7221433595765,171.65848673543854,1.5980990428071389,2.202493467154033,4.0376100003922835,3.877158727069934,0.55,0
c119409e58123638a040b8db0dd27709,BasicLinearModel,0,637.6031947938335,155.04199131720307,2.2136306830976595,2.7851188788186314,4.768653593866522,7.267840184577918,0.5999999999999999,0
b84bebb1a22ef0923b24a0f28847c4f5,SeasonalNaive,0,2511.692259865315,131.08482353229974,0.5281228916305628,0.7182038459228482,1.6065782137063516,0.9659280233131922,0.8,0
43438d0e5fdf02ebab97e8b06a2534e0,VAR,0,5629.377334721697,175.35550695345162,17.072574096555478,26.888725491188627,27.961168201172978,81.47813918118645,0.5166666666666667,0
b5f0b4fa40b5f1ee2d78b046547047c4,DatepartRegression,0,16936.191086100862,141.1468036351009,0.7470174559467038,0.9003680545725834,1.289640018647656,2.060983049217057,0.65,0
0b75a08ed10a77e753b91ddccd2d0f5c,DatepartRegression,0,19107.98500353303,174.10764461414115,17.97844885103865,23.534087034858107,137.7229095752781,78.30127437237188,0.5,0
b10addeda01af00e279370afba78e4a0,UnivariateMotif,0,1548968.7767456772,142.17993270454497,0.7410388896619723,0.9138541137589737,1.4672238569524585,1.8294185608583653,0.6666666666666666,0
b993c02c8945b610eaf7c9e76758cb70,SectionalMotif,0,1059166065.1371616,186.6855138349954,0.4871813316434556,0.5956170251540343,1.0316323003089094,1.2323230436418149,0.5666666666666667,0
cf2da60b9e09ed2bcf447c2f98b3a197,SeasonalityMotif,0,1259763793.591504,163.2807955329308,0.46602870805186136,0.5866344500533978,1.108536427588277,1.1188819115797315,0.75,0
e58e0327321b27a90a4fede0d304e0e4,SeasonalNaive,0,125774475950.01242,145.69259678277834,0.7276011381077354,0.9179062655235025,1.5178468708546569,1.7894507029494655,0.6333333333333334,0
e12c89d9e34f95f821c0639a6b683cad,SectionalMotif,0,7081045348032.6,180.0305727321334,14678594.848761747,45734240.60001524,36586829.02818021,60178987.6341575,0.5166666666666667,0
36c403805168acb577212bf8c1e4f4a5,Cassandra,0,6088608896330291.0,183.6119072626924,48503266.74874317,147828069.9603424,62286567.92585961,241778913.15366668,0.5833333333333333,0
2764a238d546edfa832503f8a8fd9ac7,UnivariateMotif,0,1.8646910579433566e+19,184.76137817312798,6562730466603618.0,2.2315324173700424e+16,6407686775425592.0,3.281302411688412e+16,0.38333333333333336,0
3d4ab91d34b68cca52932fe9f7413441,GLM,0,1.2042131722868914e+23,167.09061208916205,35419.03924507486,85172.9866714405,349381.047924516,177084.03155763607,0.6166666666666667,0
0fbe3fe7293ec9d3c17f7acb6a72f527,BallTreeRegressionMotif,0,1.2996184935594502e+23,181.1669280372843,3.620734325788281e+17,1.2482760043331464e+18,5.417041694099663e+18,1.81036716289404e+18,0.5166666666666667,0
bdd8c1f9e6b8e93d55cec69fef78033c,ETS,0,1.9173431960616713e+23,166.17263459476095,85.4984037808683,147.91686964361764,108.73966466130953,348.5559004361041,0.6,0
e7e7fdb8d8264993461d0541f922d3c5,ARCH,0,1.5650052733160486e+24,189.03782992097166,2741400.7924758503,2863299.7287870296,312716.49174056284,13706983.727236092,0.6666666666666666,0
468139bd878e4b95b323d4545327dce9,SeasonalNaive,0,1.9558888571919644e+26,189.6748740718254,5447489538325938.0,1.8338386907415196e+16,6514126124615710.0,2.7237408264698468e+16,0.39999999999999997,0
c2285b59737f4687a0b9d401c809d617,ARCH,0,3.970541178084889e+28,180.2378408929106,1.736534137949646e+27,5.991593676055969e+27,2.5682884556241987e+27,8.682670689748228e+27,0.31666666666666665,0
63e17e2883ae413e64c185e833de99ce,SeasonalityMotif,0,1.4272882779503653e+29,180.57817675975576,1.547957253289706e+19,5.286767172919365e+19,3.3568619159359128e+19,6.658713410166795e+19,0.5666666666666667,0
4ca876d5a1bf24f377f4928f6fac2a81,LastValueNaive,0,2.7833656519703464e+30,194.00026667288847,1.505483964160919e+28,5.201227814891786e+28,2.235669366967536e+29,7.527419820804595e+28,0.4333333333333334,0
0c6ab4e3447fa2820f3892adb7246ea6,Ensemble,1,,,,,,,,0
017d2aa208c289c912ce0b5c166f2280,Ensemble,1,,,,,,,,0
dfb8407c38b26b0433ad93834fd74622,Ensemble,1,,,,,,,,0
901b438eb5ba469ac4c4424b2afd68d1,Ensemble,1,,,,,,,,0
1092b6ff0d644bf909d370596eb8ed03,Ensemble,1,,,,,,,,0
f93007a68a3924c1e390914c38867b4f,Ensemble,1,,,,,,,,0
ababe5dcf02df9db4c3c1a02299491dd,Ensemble,1,,,,,,,,0
7fc988e15be70870c59253d713665d3c,Ensemble,1,,,,,,,,0
6fc658c4e3a610f6c95438c246dafb48,Ensemble,1,,,,,,,,0
285126cbb8f605509fa274829b0a8471,Ensemble,1,,,,,,,,0
3c8908c4413c1f6ed5e561548ddf8e24,DatepartRegression,0,,,,,,,,0
4fcee00314b7874a901e522df72714e9,BasicLinearModel,0,,,,,,,,0
8eaa98abffb0cf10218ef274aa9acd25,DatepartRegression,0,,,,,,,,0
bf7f7c6ee16dbee23b5ff4c159a0156b,RRVAR,0,,,,,,,,0
9ec626513b6edc93698039f93b0115ad,SectionalMotif,0,,,,,,,,0
8c4ce99b3c1833dec710fcf8cfbb2af3,ARCH,0,,199.4902734100918,8708.496423289329,8775.27229605707,1320.148486264395,22471.577705225816,0.4666666666666666,0
4790f950323f61523d36ad1d0a9ac46d,SectionalMotif,0,,,,,,,,0
a8781dfb11af85db97373f54818da50d,LastValueNaive,0,,171.18081022570516,127368257.12547252,438515107.49640244,297739276.74882364,636841281.1741465,0.3666666666666666,0
bca59a36236a3dc98848b865da76e560,Cassandra,0,,,,,,,,0
253f13864e7350fd0d75e02f2ea38a0e,ARCH,0,,,,,,,,0
abadf9cc032096c3c01251cdb1946c72,BallTreeRegressionMotif,0,,,,,,,,0
f45e297b66823f267bb3b7753e4921a2,VAR,0,,,,,,,,0
730b733ea9b43fa4ce27bba5f74d682a,ARDL,0,,,,,,,,0
1dfe91b06c4d85c49b32c184402c7aed,ARDL,0,,,,,,,,0
280d5716d7d607a6c1e88789af201aae,ARDL,0,,,,,,,,0
86b819dfa47c22b0f9f52da0d6c8a7aa,Cassandra,0,,,,,,,,0
f0a79cb699947e9107c25641db07eb57,GLM,0,,,,,,,,0
08c5ef580a69b6cb4a5e4888180083b0,VAR,0,,,,,,,,0
851e6b9b221360a9d11bec628919145d,UnivariateMotif,0,,,,,,,,0
e0acd4780e6f511addf953f2c83094bc,WindowRegression,0,,,,,,,,0
e1aec862c4ff70e224e91e8ee7ccafce,VAR,0,,,,,,,,0
e071078205f54ca354a20c6a93c1758e,DatepartRegression,0,,,,,,,,0
141ad7a3ca09f0d29ba701f3cfa60dad,ARCH,0,,,,,,,,0
079fd921aaf94d3438c458e65c72fbba,DatepartRegression,0,,,,,,,,0
52eabaf01765912e289037217dd88c01,DatepartRegression,0,,,,,,,,0
4332b4629807f2a720d06356090188b7,GLM,0,,,,,,,,0
60be0f237e2baa1a929bb7fb9e5cb405,GLM,0,,,,,,,,0
f755216fa10d34f6ac8d6112453ad2cd,SeasonalNaive,0,,,,,,,,0
5a8a820ef8c0b1e94c22d75f73fa0f9a,SeasonalityMotif,0,,,,,,,,0
f22feb83ad314d5977840f1da24a7182,ARDL,0,,,,,,,,0
bbbb40c678e90ffb77a77c863201a080,UnivariateMotif,0,,,,,,,,0
6806e1d56788b6b3503baccd9ab04c4f,DatepartRegression,0,,,,,,,,0
24c840caf5c3a35df0487bf70855d57e,SeasonalityMotif,0,,,,,,,,0
011f8b8aca0791ffc4ad0c94bf064206,WindowRegression,0,,,,,,,,0
cfdbad4eb0aeb03cf4f7c25c83736dca,SectionalMotif,0,,,,,,,,0
c64093c712d8473b9fe6691b2d87f4b0,Cassandra,0,,,,,,,,0
4fc33b5d33e7840faf00330798db2f3f,DatepartRegression,0,,,,,,,,0
75fff3afa6f0699b0ae034b57e10d974,SeasonalityMotif,0,,,,,,,,0
33a29449bfbd0d545171e9aecc34f8d4,UnivariateMotif,0,,,,,,,,0
3b7165fd516dec5bdf9e6dd7f8546cf6,BallTreeRegressionMotif,0,,,,,,,,0
cbdbf818e4c30c6ceb84172edc9cfafb,UnivariateMotif,0,,,,,,,,0
4954fd21bec8f6a0bc5b8bc9c43a20a8,FFT,0,,,,,,,,0
d32aea7583686c6eeaedd341d2a0c16c,DatepartRegression,0,,,,,,,,0
a7c8a4fe5a5496154cea5f1e82175c99,DatepartRegression,0,,,,,,,,0
a604d2c82e85d54253485b36f8cc0792,DatepartRegression,0,,,,,,,,0
81e61e9e74910faa719801d6f40a65e1,GLM,0,,,,,,,,0
35b0e87c60743b3f04edaf31a96ffec3,VAR,0,,,,,,,,0
0d53de12f83b17dd0395e49691533c78,BasicLinearModel,0,,,,,,,,0
614ef3003237815cc82c633b1e4dab29,DatepartRegression,0,,,,,,,,0
4c00317c44f975e4a90dfb19e0db0aad,SectionalMotif,0,,,,,,,,0
804cd2884dada372abe62e1a72de2d07,SeasonalityMotif,0,,,,,,,,0
565bf668a9ce774b7f0a2ba288ef697d,WindowRegression,0,,,,,,,,0
dfad1f9c0b38c53197a44cea81920f28,ConstantNaive,0,,,,,,,,0
f1ce0aaf4bc943d5040f2a1d82880bb6,DatepartRegression,0,,,,,,,,0
bd2121d7f513990fe856852f270f2bfc,GLM,0,,,,,,,,0
960664db2b03cae68300a4a546b3cd9c,VAR,0,,,,,,,,0
1b0a2c87b20efdc6e8f2406fd033daa9,ARDL,0,,,,,,,,0
a38fd3c731ffb9e83bc83a959003b139,GLM,0,,,,,,,,0
e5edc05540747c484ad39d29e1e09799,DatepartRegression,0,,,,,,,,0
9c0f521985f6c4f32c975a32e0ba1e1d,GLM,0,,,,,,,,0
ce414f04e288a23e99a55abb99b1552f,UnivariateMotif,0,,,,,,,,0
24f17d37bd23dfbb940fb287c4ae6fdf,SeasonalityMotif,0,,,,,,,,0
ad27b19f450e3f228b49043d1fca8627,GLM,0,,,,,,,,0
07c7c23b688dde82764e74403fc09f0f,GLM,0,,,,,,,,0
0a292e3d90a345b6b121f11eca2d38e6,SeasonalityMotif,0,,,,,,,,0
03c6d06f1518c55dbd3221ba3215418f,MetricMotif,0,,,,,,,,0
89c95aa82a6d11f12c59f9994dc5d555,Cassandra,0,,,,,,,,0
482ba8428e68e6291bba407a47ae37bd,UnivariateMotif,0,,,,,,,,0
16fe30072aa08300b1d21345774a1716,Cassandra,0,,,,,,,,0
4131cff20a161f70f6d18b3cf878fab6,GLM,0,,,,,,,,0
685d109a60e14041d6472fe3aa703084,Cassandra,0,,,,,,,,0
ca4f5557202752b51f4de4d1ec33b1d6,VAR,0,,,,,,,,0
284886fdcc9c5d534b22250fe8bdd77e,VAR,0,,,,,,,,0
8ef07fbee75098d960b710bfe602aa4f,MetricMotif,0,,,,,,,,0
fd8de527e6afeb48b8f677badbbc050d,GLM,0,,,,,,,,0
7eb51fe853e9738f113a7385bae2d7ad,SeasonalityMotif,0,,,,,,,,0
e376b23c825c72a0eb2042c513b49177,DatepartRegression,0,,,,,,,,0
5c798397d4dc7ac8a5b232bfb80b47cb,UnivariateMotif,0,,,,,,,,0
441b95cfb3fb66c0402146a3ed3d1eca,Cassandra,0,,,,,,,,0
df2f5684527dadce5ef731e2fbb51514,DatepartRegression,0,,,,,,,,0
9672392fa807181381e8c2fa565be8d7,DatepartRegression,0,,,,,,,,0
763479fea91f5dc1ec54456236a545c5,BasicLinearModel,0,,,,,,,,0
ab5540b8492925c7e81fb9022634beee,DatepartRegression,0,,,,,,,,0
acc57fcf580a383381763fec20d0e937,ARDL,0,,,,,,,,0
d82b834750d185f0d1ac59dbf1d02c76,AverageValueNaive,0,,,,,,,,0
bded1c7e62e1f95727c09947993b9647,AverageValueNaive,0,,,,,,,,0
f3a82309bccb25d0cc408e1aa564e1d9,ARCH,0,,,,,,,,0
4004dfdcb7343230a2d0bd5ddd6f1aa9,VAR,0,,,,,,,,0
119dd377a6000bf29bb644d8f1288296,GLM,0,,,,,,,,0
7127ebc168d36b8a99c6823fce6bca60,DatepartRegression,0,,,,,,,,0
32945d20a1471348da153ba9aee21f25,GLM,0,,,,,,,,0
cc5e23f19f08639648e508d7a7ce9cd9,VAR,0,,,,,,,,0
b2d0f5307999a553c5b96f2c2f8f280b,UnivariateMotif,0,,,,,,,,0
3b0c897a96dc0eb8a6a66a6f5b3110f2,Cassandra,0,,,,,,,,0
b330a38b8cdb31af7f66016abc6f67e0,GLM,0,,,,,,,,0
efa8c3794896c9a7713b6618a062b8c3,ARDL,0,,,,,,,,0
dbcd2056e54b06abf98dee80a9cf9b72,GLM,0,,,,,,,,0
9cdee8d7c1233ed0adfe3fc96035d071,ARDL,0,,,,,,,,0
09210625a0e3416b76e071260c4476df,UnivariateMotif,0,,,,,,,,0
5ce4f7f3d85bccb55821d4073eea15f6,SeasonalNaive,0,,,,,,,,0
929e08dff449845d13000c04fc7b3978,SeasonalityMotif,0,,,,,,,,0
e19aee66a16c689485919131f9150a21,GLM,0,,,,,,,,0
173ddd1a202b04da12487d0397ca68ad,ARDL,0,,,,,,,,0
f99a51de59d8f4cff43523acc2336b49,ARDL,0,,,,,,,,0
8a38a34aa82f7bef4aa47b7207b412a3,Cassandra,0,,,,,,,,0
3d14957c9e4d1241c816b0470d94b79d,VAR,0,,,,,,,,0
bfbf933d976afc7264a18a3c2ebfc2e8,Cassandra,0,,,,,,,,0
124666ff95f09e3e50484bd14e17b4c4,Cassandra,0,,,,,,,,0
514cea61797ea6eaf1ba13ef46e98892,GLM,0,,,,,,,,0
5cd76c92b397f906e008b8f1e0b673ec,SeasonalityMotif,0,,,,,,,,0
961b4072be4c2a90f966d5c8a469892a,Cassandra,0,,,,,,,,0
3648c479c2855280ca97f65053a167c3,Cassandra,0,,,,,,,,0
283797f10e22554232047ed3f354660b,SeasonalityMotif,0,,,,,,,,0
8e12a5e2b1c5b2d9b9e8b2043ccaf8e3,Ensemble,1,,,,,,,,0
4efda39e1ab64e43c835286d4ab50bb5,Ensemble,1,,,,,,,,0
2a9064568236daee43bcdac10a5444ce,Ensemble,1,,,,,,,,0
e6bd411b305602afe46e9df7aaadab1a,Ensemble,1,,,,,,,,0
bdd503d00814c746931b7fa63819f16a,Ensemble,1,,,,,,,,0
a668c637edff05320dc4dc6a77a36915,Ensemble,1,,,,,,,,0
0778928461cdfb59fe83a92ac1de37c8,Ensemble,1,,,,,,,,0
569cb4af7e3c5efd8ec1e140a8b2dad7,Ensemble,1,,,,,,,,0
76b8c49ddab3dd393940b691cacc21d3,Ensemble,1,,,,,,,,0
320478f2f0d2f1d3413a376b9b7703e3,Ensemble,1,,,,,,,,0
6c2afce2688bf63c944674373f1b9695,Ensemble,1,,,,,,,,0
